price,area,bedrooms,bathrooms,stories,mainroad,guestroom,basement,hotwaterheating,airconditioning,parking,prefarea,furnishingstatus
13300000.0,7420.0,4.0,2.0,3.0,yes,no,no,no,yes,2.0,yes,furnished
12250000.0,8960.0,4.0,4.0,4.0,yes,no,no,no,yes,3.0,no,furnished
12250000.0,9960.0,3.0,2.0,2.0,yes,no,yes,no,no,2.0,yes,semi-furnished
12215000.0,7500.0,4.0,2.0,2.0,yes,no,yes,no,yes,3.0,yes,furnished
11410000.0,7420.0,4.0,1.0,2.0,yes,yes,yes,no,yes,2.0,no,furnished
10850000.0,7500.0,3.0,3.0,1.0,yes,no,yes,no,yes,2.0,yes,semi-furnished
10150000.0,8580.0,4.0,3.0,4.0,yes,no,no,no,yes,2.0,yes,semi-furnished
10150000.0,16200.0,5.0,3.0,2.0,yes,no,no,no,no,0.0,no,unfurnished
9870000.0,8100.0,4.0,1.0,2.0,yes,yes,yes,no,yes,2.0,yes,furnished
9800000.0,5750.0,3.0,2.0,4.0,yes,yes,no,no,yes,1.0,yes,unfurnished
9800000.0,13200.0,3.0,1.0,2.0,yes,no,yes,no,yes,2.0,yes,furnished
9681000.0,6000.0,4.0,3.0,2.0,yes,yes,yes,yes,no,2.0,no,semi-furnished
9310000.0,6550.0,4.0,2.0,2.0,yes,no,no,no,yes,1.0,yes,semi-furnished
9240000.0,3500.0,4.0,2.0,2.0,yes,no,no,yes,no,2.0,no,furnished
9240000.0,7800.0,3.0,2.0,2.0,yes,no,no,no,no,0.0,yes,semi-furnished
9100000.0,6000.0,4.0,1.0,2.0,yes,no,yes,no,no,2.0,no,semi-furnished
9100000.0,6600.0,4.0,2.0,2.0,yes,yes,yes,no,yes,1.0,yes,unfurnished
8960000.0,8500.0,3.0,2.0,4.0,yes,no,no,no,yes,2.0,no,furnished
8890000.0,4600.0,3.0,2.0,2.0,yes,yes,no,no,yes,2.0,no,furnished
8855000.0,6420.0,3.0,2.0,2.0,yes,no,no,no,yes,1.0,yes,semi-furnished
8750000.0,4320.0,3.0,1.0,2.0,yes,no,yes,yes,no,2.0,no,semi-furnished
8680000.0,7155.0,3.0,2.0,1.0,yes,yes,yes,no,yes,2.0,no,unfurnished
8645000.0,8050.0,3.0,1.0,1.0,yes,yes,yes,no,yes,1.0,no,furnished
8645000.0,4560.0,3.0,2.0,2.0,yes,yes,yes,no,yes,1.0,no,furnished
8575000.0,8800.0,3.0,2.0,2.0,yes,no,no,no,yes,2.0,no,furnished
8540000.0,6540.0,4.0,2.0,2.0,yes,yes,yes,no,yes,2.0,yes,furnished
8463000.0,6000.0,3.0,2.0,4.0,yes,yes,yes,no,yes,0.0,yes,semi-furnished
8400000.0,8875.0,3.0,1.0,1.0,yes,no,no,no,no,1.0,no,semi-furnished
8400000.0,7950.0,5.0,2.0,2.0,yes,no,yes,yes,no,2.0,no,unfurnished
8400000.0,5500.0,4.0,2.0,2.0,yes,no,yes,no,yes,1.0,yes,semi-furnished
8400000.0,7475.0,3.0,2.0,4.0,yes,no,no,no,yes,2.0,no,unfurnished
8400000.0,7000.0,3.0,1.0,4.0,yes,no,no,no,yes,2.0,no,semi-furnished
8295000.0,4880.0,4.0,2.0,2.0,yes,no,no,no,yes,1.0,yes,furnished
8190000.0,5960.0,3.0,3.0,2.0,yes,yes,yes,no,no,1.0,no,unfurnished
8120000.0,6840.0,5.0,1.0,2.0,yes,yes,yes,no,yes,1.0,no,furnished
8080940.0,7000.0,3.0,2.0,4.0,yes,no,no,no,yes,2.0,no,furnished
8043000.0,7482.0,3.0,2.0,3.0,yes,no,no,yes,no,1.0,yes,furnished
7980000.0,9000.0,4.0,2.0,4.0,yes,no,no,no,yes,2.0,no,furnished
7962500.0,6000.0,3.0,1.0,4.0,yes,yes,no,no,yes,2.0,no,unfurnished
7910000.0,6000.0,4.0,2.0,4.0,yes,no,no,no,yes,1.0,no,semi-furnished
7875000.0,6550.0,3.0,1.0,2.0,yes,no,yes,no,yes,0.0,yes,furnished
7840000.0,6360.0,3.0,2.0,4.0,yes,no,no,no,yes,0.0,yes,furnished
7700000.0,6480.0,3.0,2.0,4.0,yes,no,no,no,yes,2.0,no,unfurnished
7700000.0,6000.0,4.0,2.0,4.0,yes,no,no,no,no,2.0,no,semi-furnished
7560000.0,6000.0,4.0,2.0,4.0,yes,no,no,no,yes,1.0,no,furnished
7560000.0,6000.0,3.0,2.0,3.0,yes,no,no,no,yes,0.0,no,semi-furnished
7525000.0,6000.0,3.0,2.0,4.0,yes,no,no,no,yes,1.0,no,furnished
7490000.0,6600.0,3.0,1.0,4.0,yes,no,no,no,yes,3.0,yes,furnished
7455000.0,4300.0,3.0,2.0,2.0,yes,no,yes,no,no,1.0,no,unfurnished
7420000.0,7440.0,3.0,2.0,1.0,yes,yes,yes,no,yes,0.0,yes,semi-furnished
7420000.0,7440.0,3.0,2.0,4.0,yes,no,no,no,no,1.0,yes,unfurnished
7420000.0,6325.0,3.0,1.0,4.0,yes,no,no,no,yes,1.0,no,unfurnished
7350000.0,6000.0,4.0,2.0,4.0,yes,yes,no,no,yes,1.0,no,furnished
7350000.0,5150.0,3.0,2.0,4.0,yes,no,no,no,yes,2.0,no,semi-furnished
7350000.0,6000.0,3.0,2.0,2.0,yes,yes,no,no,yes,1.0,no,semi-furnished
7350000.0,6000.0,3.0,1.0,2.0,yes,no,no,no,yes,1.0,no,unfurnished
7343000.0,11440.0,4.0,1.0,2.0,yes,no,yes,no,no,1.0,yes,semi-furnished
7245000.0,9000.0,4.0,2.0,4.0,yes,yes,no,no,yes,1.0,yes,furnished
7210000.0,7680.0,4.0,2.0,4.0,yes,yes,no,no,yes,1.0,no,semi-furnished
7210000.0,6000.0,3.0,2.0,4.0,yes,yes,no,no,yes,1.0,no,furnished
7140000.0,6000.0,3.0,2.0,2.0,yes,yes,no,no,no,1.0,no,semi-furnished
7070000.0,8880.0,2.0,1.0,1.0,yes,no,no,no,yes,1.0,no,semi-furnished
7070000.0,6240.0,4.0,2.0,2.0,yes,no,no,no,yes,1.0,no,furnished
7035000.0,6360.0,4.0,2.0,3.0,yes,no,no,no,yes,2.0,yes,furnished
7000000.0,11175.0,3.0,1.0,1.0,yes,no,yes,no,yes,1.0,yes,furnished
6930000.0,8880.0,3.0,2.0,2.0,yes,no,yes,no,yes,1.0,no,furnished
6930000.0,13200.0,2.0,1.0,1.0,yes,no,yes,yes,no,1.0,no,furnished
6895000.0,7700.0,3.0,2.0,1.0,yes,no,no,no,no,2.0,no,unfurnished
6860000.0,6000.0,3.0,1.0,1.0,yes,no,no,no,yes,1.0,no,furnished
6790000.0,12090.0,4.0,2.0,2.0,yes,no,no,no,no,2.0,yes,furnished
6790000.0,4000.0,3.0,2.0,2.0,yes,no,yes,no,yes,0.0,yes,semi-furnished
6755000.0,6000.0,4.0,2.0,4.0,yes,no,no,no,yes,0.0,no,unfurnished
6720000.0,5020.0,3.0,1.0,4.0,yes,no,no,no,yes,0.0,yes,unfurnished
6685000.0,6600.0,2.0,2.0,4.0,yes,no,yes,no,no,0.0,yes,furnished
6650000.0,4040.0,3.0,1.0,2.0,yes,no,yes,yes,no,1.0,no,furnished
6650000.0,4260.0,4.0,2.0,2.0,yes,no,no,yes,no,0.0,no,semi-furnished
6650000.0,6420.0,3.0,2.0,3.0,yes,no,no,no,yes,0.0,yes,furnished
6650000.0,6500.0,3.0,2.0,3.0,yes,no,no,no,yes,0.0,yes,furnished
6650000.0,5700.0,3.0,1.0,1.0,yes,yes,yes,no,yes,2.0,yes,furnished
6650000.0,6000.0,3.0,2.0,3.0,yes,yes,no,no,yes,0.0,no,furnished
6629000.0,6000.0,3.0,1.0,2.0,yes,no,no,yes,no,1.0,yes,semi-furnished
6615000.0,4000.0,3.0,2.0,2.0,yes,no,yes,no,yes,1.0,no,semi-furnished
6615000.0,10500.0,3.0,2.0,1.0,yes,no,yes,no,yes,1.0,yes,furnished
6580000.0,6000.0,3.0,2.0,4.0,yes,no,no,no,yes,0.0,no,semi-furnished
6510000.0,3760.0,3.0,1.0,2.0,yes,no,no,yes,no,2.0,no,semi-furnished
6510000.0,8250.0,3.0,2.0,3.0,yes,no,no,no,yes,0.0,no,furnished
6510000.0,6670.0,3.0,1.0,3.0,yes,no,yes,no,no,0.0,yes,unfurnished
6475000.0,3960.0,3.0,1.0,1.0,yes,no,yes,no,no,2.0,no,semi-furnished
6475000.0,7410.0,3.0,1.0,1.0,yes,yes,yes,no,yes,2.0,yes,unfurnished
6440000.0,8580.0,5.0,3.0,2.0,yes,no,no,no,no,2.0,no,furnished
6440000.0,5000.0,3.0,1.0,2.0,yes,no,no,no,yes,0.0,no,semi-furnished
6419000.0,6750.0,2.0,1.0,1.0,yes,yes,yes,no,no,2.0,yes,furnished
6405000.0,4800.0,3.0,2.0,4.0,yes,yes,no,no,yes,0.0,no,furnished
6300000.0,7200.0,3.0,2.0,1.0,yes,no,yes,no,yes,3.0,no,semi-furnished
6300000.0,6000.0,4.0,2.0,4.0,yes,no,no,no,no,1.0,no,semi-furnished
6300000.0,4100.0,3.0,2.0,3.0,yes,no,no,no,yes,2.0,no,semi-furnished
6300000.0,9000.0,3.0,1.0,1.0,yes,no,yes,no,no,1.0,yes,furnished
6300000.0,6400.0,3.0,1.0,1.0,yes,yes,yes,no,yes,1.0,yes,semi-furnished
6293000.0,6600.0,3.0,2.0,3.0,yes,no,no,no,yes,0.0,yes,unfurnished
6265000.0,6000.0,4.0,1.0,3.0,yes,yes,yes,no,no,0.0,yes,unfurnished
6230000.0,6600.0,3.0,2.0,1.0,yes,no,yes,no,yes,0.0,yes,unfurnished
6230000.0,5500.0,3.0,1.0,3.0,yes,no,no,no,no,1.0,yes,unfurnished
6195000.0,5500.0,3.0,2.0,4.0,yes,yes,no,no,yes,1.0,no,semi-furnished
6195000.0,6350.0,3.0,2.0,3.0,yes,yes,no,no,yes,0.0,no,furnished
6195000.0,5500.0,3.0,2.0,1.0,yes,yes,yes,no,no,2.0,yes,furnished
6160000.0,4500.0,3.0,1.0,4.0,yes,no,no,no,yes,0.0,no,unfurnished
6160000.0,5450.0,4.0,2.0,1.0,yes,no,yes,no,yes,0.0,yes,semi-furnished
6125000.0,6420.0,3.0,1.0,3.0,yes,no,yes,no,no,0.0,yes,unfurnished
6107500.0,3240.0,4.0,1.0,3.0,yes,no,no,no,no,1.0,no,semi-furnished
6090000.0,6615.0,4.0,2.0,2.0,yes,yes,no,yes,no,1.0,no,semi-furnished
6090000.0,6600.0,3.0,1.0,1.0,yes,yes,yes,no,no,2.0,yes,semi-furnished
6090000.0,8372.0,3.0,1.0,3.0,yes,no,no,no,yes,2.0,no,unfurnished
6083000.0,4300.0,6.0,2.0,2.0,yes,no,no,no,no,0.0,no,furnished
6083000.0,9620.0,3.0,1.0,1.0,yes,no,yes,no,no,2.0,yes,furnished
6020000.0,6800.0,2.0,1.0,1.0,yes,yes,yes,no,no,2.0,no,furnished
6020000.0,8000.0,3.0,1.0,1.0,yes,yes,yes,no,yes,2.0,yes,semi-furnished
6020000.0,6900.0,3.0,2.0,1.0,yes,yes,yes,no,no,0.0,yes,unfurnished
5950000.0,3700.0,4.0,1.0,2.0,yes,yes,no,no,yes,0.0,no,furnished
5950000.0,6420.0,3.0,1.0,1.0,yes,no,yes,no,yes,0.0,yes,furnished
5950000.0,7020.0,3.0,1.0,1.0,yes,no,yes,no,yes,2.0,yes,semi-furnished
5950000.0,6540.0,3.0,1.0,1.0,yes,yes,yes,no,no,2.0,yes,furnished
5950000.0,7231.0,3.0,1.0,2.0,yes,yes,yes,no,yes,0.0,yes,semi-furnished
5950000.0,6254.0,4.0,2.0,1.0,yes,no,yes,no,no,1.0,yes,semi-furnished
5950000.0,7320.0,4.0,2.0,2.0,yes,no,no,no,no,0.0,no,furnished
5950000.0,6525.0,3.0,2.0,4.0,yes,no,no,no,no,1.0,no,furnished
5943000.0,15600.0,3.0,1.0,1.0,yes,no,no,no,yes,2.0,no,semi-furnished
5880000.0,7160.0,3.0,1.0,1.0,yes,no,yes,no,no,2.0,yes,unfurnished
5880000.0,6500.0,3.0,2.0,3.0,yes,no,no,no,yes,0.0,no,unfurnished
5873000.0,5500.0,3.0,1.0,3.0,yes,yes,no,no,yes,1.0,no,furnished
5873000.0,11460.0,3.0,1.0,3.0,yes,no,no,no,no,2.0,yes,semi-furnished
5866000.0,4800.0,3.0,1.0,1.0,yes,yes,yes,no,no,0.0,no,unfurnished
5810000.0,5828.0,4.0,1.0,4.0,yes,yes,no,no,no,0.0,no,semi-furnished
5810000.0,5200.0,3.0,1.0,3.0,yes,no,no,no,yes,0.0,no,semi-furnished
5810000.0,4800.0,3.0,1.0,3.0,yes,no,no,no,yes,0.0,no,unfurnished
5803000.0,7000.0,3.0,1.0,1.0,yes,no,yes,no,no,2.0,yes,semi-furnished
5775000.0,6000.0,3.0,2.0,4.0,yes,no,no,no,yes,0.0,no,unfurnished
5740000.0,5400.0,4.0,2.0,2.0,yes,no,no,no,yes,2.0,no,unfurnished
5740000.0,4640.0,4.0,1.0,2.0,yes,no,no,no,no,1.0,no,semi-furnished
5740000.0,5000.0,3.0,1.0,3.0,yes,no,no,no,yes,0.0,no,semi-furnished
5740000.0,6360.0,3.0,1.0,1.0,yes,yes,yes,no,yes,2.0,yes,furnished
5740000.0,5800.0,3.0,2.0,4.0,yes,no,no,no,yes,0.0,no,unfurnished
5652500.0,6660.0,4.0,2.0,2.0,yes,yes,yes,no,no,1.0,yes,semi-furnished
5600000.0,10500.0,4.0,2.0,2.0,yes,no,no,no,no,1.0,no,semi-furnished
5600000.0,4800.0,5.0,2.0,3.0,no,no,yes,yes,no,0.0,no,unfurnished
5600000.0,4700.0,4.0,1.0,2.0,yes,yes,yes,no,yes,1.0,no,furnished
5600000.0,5000.0,3.0,1.0,4.0,yes,no,no,no,no,0.0,no,furnished
5600000.0,10500.0,2.0,1.0,1.0,yes,no,no,no,no,1.0,no,semi-furnished
5600000.0,5500.0,3.0,2.0,2.0,yes,no,no,no,no,1.0,no,semi-furnished
5600000.0,6360.0,3.0,1.0,3.0,yes,no,no,no,no,0.0,yes,semi-furnished
5600000.0,6600.0,4.0,2.0,1.0,yes,no,yes,no,no,0.0,yes,semi-furnished
5600000.0,5136.0,3.0,1.0,2.0,yes,yes,yes,no,yes,0.0,yes,unfurnished
5565000.0,4400.0,4.0,1.0,2.0,yes,no,no,no,yes,2.0,yes,semi-furnished
5565000.0,5400.0,5.0,1.0,2.0,yes,yes,yes,no,yes,0.0,yes,furnished
5530000.0,3300.0,3.0,3.0,2.0,yes,no,yes,no,no,0.0,no,semi-furnished
5530000.0,3650.0,3.0,2.0,2.0,yes,no,no,no,no,2.0,no,semi-furnished
5530000.0,6100.0,3.0,2.0,1.0,yes,no,yes,no,no,2.0,yes,furnished
5523000.0,6900.0,3.0,1.0,1.0,yes,yes,yes,no,no,0.0,yes,semi-furnished
5495000.0,2817.0,4.0,2.0,2.0,no,yes,yes,no,no,1.0,no,furnished
5495000.0,7980.0,3.0,1.0,1.0,yes,no,no,no,no,2.0,no,semi-furnished
5460000.0,3150.0,3.0,2.0,1.0,yes,yes,yes,no,yes,0.0,no,furnished
5460000.0,6210.0,4.0,1.0,4.0,yes,yes,no,no,yes,0.0,no,furnished
5460000.0,6100.0,3.0,1.0,3.0,yes,yes,no,no,yes,0.0,yes,semi-furnished
5460000.0,6600.0,4.0,2.0,2.0,yes,yes,yes,no,no,0.0,yes,semi-furnished
5425000.0,6825.0,3.0,1.0,1.0,yes,yes,yes,no,yes,0.0,yes,semi-furnished
5390000.0,6710.0,3.0,2.0,2.0,yes,yes,yes,no,no,1.0,yes,furnished
5383000.0,6450.0,3.0,2.0,1.0,yes,yes,yes,yes,no,0.0,no,unfurnished
5320000.0,7800.0,3.0,1.0,1.0,yes,no,yes,no,yes,2.0,yes,unfurnished
5285000.0,4600.0,2.0,2.0,1.0,yes,no,no,no,yes,2.0,no,semi-furnished
5250000.0,4260.0,4.0,1.0,2.0,yes,no,yes,no,yes,0.0,no,furnished
5250000.0,6540.0,4.0,2.0,2.0,no,no,no,no,yes,0.0,no,semi-furnished
5250000.0,5500.0,3.0,2.0,1.0,yes,no,yes,no,no,0.0,no,semi-furnished
5250000.0,10269.0,3.0,1.0,1.0,yes,no,no,no,no,1.0,yes,semi-furnished
5250000.0,8400.0,3.0,1.0,2.0,yes,yes,yes,no,yes,2.0,yes,unfurnished
5250000.0,5300.0,4.0,2.0,1.0,yes,no,no,no,yes,0.0,yes,unfurnished
5250000.0,3800.0,3.0,1.0,2.0,yes,yes,yes,no,no,1.0,yes,unfurnished
5250000.0,9800.0,4.0,2.0,2.0,yes,yes,no,no,no,2.0,no,semi-furnished
5250000.0,8520.0,3.0,1.0,1.0,yes,no,no,no,yes,2.0,no,furnished
5243000.0,6050.0,3.0,1.0,1.0,yes,no,yes,no,no,0.0,yes,semi-furnished
5229000.0,7085.0,3.0,1.0,1.0,yes,yes,yes,no,no,2.0,yes,semi-furnished
5215000.0,3180.0,3.0,2.0,2.0,yes,no,no,no,no,2.0,no,semi-furnished
5215000.0,4500.0,4.0,2.0,1.0,no,no,yes,no,yes,2.0,no,semi-furnished
5215000.0,7200.0,3.0,1.0,2.0,yes,yes,yes,no,no,1.0,yes,furnished
5145000.0,3410.0,3.0,1.0,2.0,no,no,no,no,yes,0.0,no,semi-furnished
5145000.0,7980.0,3.0,1.0,1.0,yes,no,no,no,no,1.0,yes,semi-furnished
5110000.0,3000.0,3.0,2.0,2.0,yes,yes,yes,no,no,0.0,no,furnished
5110000.0,3000.0,3.0,1.0,2.0,yes,no,yes,no,no,0.0,no,unfurnished
5110000.0,11410.0,2.0,1.0,2.0,yes,no,no,no,no,0.0,yes,furnished
5110000.0,6100.0,3.0,1.0,1.0,yes,no,yes,no,yes,0.0,yes,semi-furnished
5075000.0,5720.0,2.0,1.0,2.0,yes,no,no,no,yes,0.0,yes,unfurnished
5040000.0,3540.0,2.0,1.0,1.0,no,yes,yes,no,no,0.0,no,semi-furnished
5040000.0,7600.0,4.0,1.0,2.0,yes,no,no,no,yes,2.0,no,furnished
5040000.0,10700.0,3.0,1.0,2.0,yes,yes,yes,no,no,0.0,no,semi-furnished
5040000.0,6600.0,3.0,1.0,1.0,yes,yes,yes,no,no,0.0,yes,furnished
5033000.0,4800.0,2.0,1.0,1.0,yes,yes,yes,no,no,0.0,no,semi-furnished
5005000.0,8150.0,3.0,2.0,1.0,yes,yes,yes,no,no,0.0,no,semi-furnished
4970000.0,4410.0,4.0,3.0,2.0,yes,no,yes,no,no,2.0,no,semi-furnished
4970000.0,7686.0,3.0,1.0,1.0,yes,yes,yes,yes,no,0.0,no,semi-furnished
4956000.0,2800.0,3.0,2.0,2.0,no,no,yes,no,yes,1.0,no,semi-furnished
4935000.0,5948.0,3.0,1.0,2.0,yes,no,no,no,yes,0.0,no,semi-furnished
4907000.0,4200.0,3.0,1.0,2.0,yes,no,no,no,no,1.0,no,furnished
4900000.0,4520.0,3.0,1.0,2.0,yes,no,yes,no,yes,0.0,no,semi-furnished
4900000.0,4095.0,3.0,1.0,2.0,no,yes,yes,no,yes,0.0,no,semi-furnished
4900000.0,4120.0,2.0,1.0,1.0,yes,no,yes,no,no,1.0,no,semi-furnished
4900000.0,5400.0,4.0,1.0,2.0,yes,no,no,no,no,0.0,no,semi-furnished
4900000.0,4770.0,3.0,1.0,1.0,yes,yes,yes,no,no,0.0,no,semi-furnished
4900000.0,6300.0,3.0,1.0,1.0,yes,no,no,no,yes,2.0,no,semi-furnished
4900000.0,5800.0,2.0,1.0,1.0,yes,yes,yes,no,yes,0.0,no,semi-furnished
4900000.0,3000.0,3.0,1.0,2.0,yes,no,yes,no,yes,0.0,no,semi-furnished
4900000.0,2970.0,3.0,1.0,3.0,yes,no,no,no,no,0.0,no,semi-furnished
4900000.0,6720.0,3.0,1.0,1.0,yes,no,no,no,no,0.0,no,unfurnished
4900000.0,4646.0,3.0,1.0,2.0,yes,yes,yes,no,no,2.0,no,semi-furnished
4900000.0,12900.0,3.0,1.0,1.0,yes,no,no,no,no,2.0,no,furnished
4893000.0,3420.0,4.0,2.0,2.0,yes,no,yes,no,yes,2.0,no,semi-furnished
4893000.0,4995.0,4.0,2.0,1.0,yes,no,yes,no,no,0.0,no,semi-furnished
4865000.0,4350.0,2.0,1.0,1.0,yes,no,yes,no,no,0.0,no,unfurnished
4830000.0,4160.0,3.0,1.0,3.0,yes,no,no,no,no,0.0,no,unfurnished
4830000.0,6040.0,3.0,1.0,1.0,yes,no,no,no,no,2.0,yes,semi-furnished
4830000.0,6862.0,3.0,1.0,2.0,yes,no,no,no,yes,2.0,yes,furnished
4830000.0,4815.0,2.0,1.0,1.0,yes,no,no,no,yes,0.0,yes,semi-furnished
4795000.0,7000.0,3.0,1.0,2.0,yes,no,yes,no,no,0.0,no,unfurnished
4795000.0,8100.0,4.0,1.0,4.0,yes,no,yes,no,yes,2.0,no,semi-furnished
4767000.0,3420.0,4.0,2.0,2.0,yes,no,no,no,no,0.0,no,semi-furnished
4760000.0,9166.0,2.0,1.0,1.0,yes,no,yes,no,yes,2.0,no,semi-furnished
4760000.0,6321.0,3.0,1.0,2.0,yes,no,yes,no,yes,1.0,no,furnished
4760000.0,10240.0,2.0,1.0,1.0,yes,no,no,no,yes,2.0,yes,unfurnished
4753000.0,6440.0,2.0,1.0,1.0,yes,no,no,no,yes,3.0,no,semi-furnished
4690000.0,5170.0,3.0,1.0,4.0,yes,no,no,no,yes,0.0,no,semi-furnished
4690000.0,6000.0,2.0,1.0,1.0,yes,no,yes,no,yes,1.0,no,furnished
4690000.0,3630.0,3.0,1.0,2.0,yes,no,no,no,no,2.0,no,semi-furnished
4690000.0,9667.0,4.0,2.0,2.0,yes,yes,yes,no,no,1.0,no,semi-furnished
4690000.0,5400.0,2.0,1.0,2.0,yes,no,no,no,no,0.0,yes,semi-furnished
4690000.0,4320.0,3.0,1.0,1.0,yes,no,no,no,no,0.0,yes,semi-furnished
4655000.0,3745.0,3.0,1.0,2.0,yes,no,yes,no,no,0.0,no,furnished
4620000.0,4160.0,3.0,1.0,1.0,yes,yes,yes,no,yes,0.0,no,unfurnished
4620000.0,3880.0,3.0,2.0,2.0,yes,no,yes,no,no,2.0,no,semi-furnished
4620000.0,5680.0,3.0,1.0,2.0,yes,yes,no,no,yes,1.0,no,semi-furnished
4620000.0,2870.0,2.0,1.0,2.0,yes,yes,yes,no,no,0.0,yes,semi-furnished
4620000.0,5010.0,3.0,1.0,2.0,yes,no,yes,no,no,0.0,no,semi-furnished
4613000.0,4510.0,4.0,2.0,2.0,yes,no,yes,no,no,0.0,no,semi-furnished
4585000.0,4000.0,3.0,1.0,2.0,yes,no,no,no,no,1.0,no,furnished
4585000.0,3840.0,3.0,1.0,2.0,yes,no,no,no,no,1.0,yes,semi-furnished
4550000.0,3760.0,3.0,1.0,1.0,yes,no,no,no,no,2.0,no,semi-furnished
4550000.0,3640.0,3.0,1.0,2.0,yes,no,no,no,yes,0.0,no,furnished
4550000.0,2550.0,3.0,1.0,2.0,yes,no,yes,no,no,0.0,no,furnished
4550000.0,5320.0,3.0,1.0,2.0,yes,yes,yes,no,no,0.0,yes,semi-furnished
4550000.0,5360.0,3.0,1.0,2.0,yes,no,no,no,no,2.0,yes,unfurnished
4550000.0,3520.0,3.0,1.0,1.0,yes,no,no,no,no,0.0,yes,semi-furnished
4550000.0,8400.0,4.0,1.0,4.0,yes,no,no,no,no,3.0,no,unfurnished
4543000.0,4100.0,2.0,2.0,1.0,yes,yes,yes,no,no,0.0,no,semi-furnished
4543000.0,4990.0,4.0,2.0,2.0,yes,yes,yes,no,no,0.0,yes,furnished
4515000.0,3510.0,3.0,1.0,3.0,yes,no,no,no,no,0.0,no,semi-furnished
4515000.0,3450.0,3.0,1.0,2.0,yes,no,yes,no,no,1.0,no,semi-furnished
4515000.0,9860.0,3.0,1.0,1.0,yes,no,no,no,no,0.0,no,semi-furnished
4515000.0,3520.0,2.0,1.0,2.0,yes,no,no,no,no,0.0,yes,furnished
4480000.0,4510.0,4.0,1.0,2.0,yes,no,no,no,yes,2.0,no,semi-furnished
4480000.0,5885.0,2.0,1.0,1.0,yes,no,no,no,yes,1.0,no,unfurnished
4480000.0,4000.0,3.0,1.0,2.0,yes,no,no,no,no,2.0,no,furnished
4480000.0,8250.0,3.0,1.0,1.0,yes,no,no,no,no,0.0,no,furnished
4480000.0,4040.0,3.0,1.0,2.0,yes,no,no,no,no,1.0,no,semi-furnished
4473000.0,6360.0,2.0,1.0,1.0,yes,no,yes,no,yes,1.0,no,furnished
4473000.0,3162.0,3.0,1.0,2.0,yes,no,no,no,yes,1.0,no,furnished
4473000.0,3510.0,3.0,1.0,2.0,yes,no,no,no,no,0.0,no,semi-furnished
4445000.0,3750.0,2.0,1.0,1.0,yes,yes,yes,no,no,0.0,no,semi-furnished
4410000.0,3968.0,3.0,1.0,2.0,no,no,no,no,no,0.0,no,semi-furnished
4410000.0,4900.0,2.0,1.0,2.0,yes,no,yes,no,no,0.0,no,semi-furnished
4403000.0,2880.0,3.0,1.0,2.0,yes,no,no,no,no,0.0,yes,semi-furnished
4403000.0,4880.0,3.0,1.0,1.0,yes,no,no,no,no,2.0,yes,unfurnished
4403000.0,4920.0,3.0,1.0,2.0,yes,no,no,no,no,1.0,no,semi-furnished
4382000.0,4950.0,4.0,1.0,2.0,yes,no,no,no,yes,0.0,no,semi-furnished
4375000.0,3900.0,3.0,1.0,2.0,yes,no,no,no,no,0.0,no,unfurnished
4340000.0,4500.0,3.0,2.0,3.0,yes,no,no,yes,no,1.0,no,furnished
4340000.0,1905.0,5.0,1.0,2.0,no,no,yes,no,no,0.0,no,semi-furnished
4340000.0,4075.0,3.0,1.0,1.0,yes,yes,yes,no,no,2.0,no,semi-furnished
4340000.0,3500.0,4.0,1.0,2.0,yes,no,no,no,no,2.0,no,furnished
4340000.0,6450.0,4.0,1.0,2.0,yes,no,no,no,no,0.0,no,semi-furnished
4319000.0,4032.0,2.0,1.0,1.0,yes,no,yes,no,no,0.0,no,furnished
4305000.0,4400.0,2.0,1.0,1.0,yes,no,no,no,no,1.0,no,semi-furnished
4305000.0,10360.0,2.0,1.0,1.0,yes,no,no,no,no,1.0,yes,semi-furnished
4277000.0,3400.0,3.0,1.0,2.0,yes,no,yes,no,no,2.0,yes,semi-furnished
4270000.0,6360.0,2.0,1.0,1.0,yes,no,no,no,no,0.0,no,furnished
4270000.0,6360.0,2.0,1.0,2.0,yes,no,no,no,no,0.0,no,unfurnished
4270000.0,4500.0,2.0,1.0,1.0,yes,no,no,no,yes,2.0,no,furnished
4270000.0,2175.0,3.0,1.0,2.0,no,yes,yes,no,yes,0.0,no,unfurnished
4270000.0,4360.0,4.0,1.0,2.0,yes,no,no,no,no,0.0,no,furnished
4270000.0,7770.0,2.0,1.0,1.0,yes,no,no,no,no,1.0,no,furnished
4235000.0,6650.0,3.0,1.0,2.0,yes,yes,no,no,no,0.0,no,semi-furnished
4235000.0,2787.0,3.0,1.0,1.0,yes,no,yes,no,no,0.0,yes,furnished
4200000.0,5500.0,3.0,1.0,2.0,yes,no,no,no,yes,0.0,no,unfurnished
4200000.0,5040.0,3.0,1.0,2.0,yes,no,yes,no,yes,0.0,no,unfurnished
4200000.0,5850.0,2.0,1.0,1.0,yes,yes,yes,no,no,2.0,no,semi-furnished
4200000.0,2610.0,4.0,3.0,2.0,no,no,no,no,no,0.0,no,semi-furnished
4200000.0,2953.0,3.0,1.0,2.0,yes,no,yes,no,yes,0.0,no,unfurnished
4200000.0,2747.0,4.0,2.0,2.0,no,no,no,no,no,0.0,no,semi-furnished
4200000.0,4410.0,2.0,1.0,1.0,no,no,no,no,no,1.0,no,unfurnished
4200000.0,4000.0,4.0,2.0,2.0,no,no,no,no,no,0.0,no,semi-furnished
4200000.0,2325.0,3.0,1.0,2.0,no,no,no,no,no,0.0,no,semi-furnished
4200000.0,4600.0,3.0,2.0,2.0,yes,no,no,no,yes,1.0,no,semi-furnished
4200000.0,3640.0,3.0,2.0,2.0,yes,no,yes,no,no,0.0,no,unfurnished
4200000.0,5800.0,3.0,1.0,1.0,yes,no,no,yes,no,2.0,no,semi-furnished
4200000.0,7000.0,3.0,1.0,1.0,yes,no,no,no,no,3.0,no,furnished
4200000.0,4079.0,3.0,1.0,3.0,yes,no,no,no,no,0.0,no,semi-furnished
4200000.0,3520.0,3.0,1.0,2.0,yes,no,no,no,no,0.0,yes,semi-furnished
4200000.0,2145.0,3.0,1.0,3.0,yes,no,no,no,no,1.0,yes,unfurnished
4200000.0,4500.0,3.0,1.0,1.0,yes,no,yes,no,no,0.0,no,furnished
4193000.0,8250.0,3.0,1.0,1.0,yes,no,yes,no,no,3.0,no,semi-furnished
4193000.0,3450.0,3.0,1.0,2.0,yes,no,no,no,no,1.0,no,semi-furnished
4165000.0,4840.0,3.0,1.0,2.0,yes,no,no,no,no,1.0,no,semi-furnished
4165000.0,4080.0,3.0,1.0,2.0,yes,no,no,no,no,2.0,no,semi-furnished
4165000.0,4046.0,3.0,1.0,2.0,yes,no,yes,no,no,1.0,no,semi-furnished
4130000.0,4632.0,4.0,1.0,2.0,yes,no,no,no,yes,0.0,no,semi-furnished
4130000.0,5985.0,3.0,1.0,1.0,yes,no,yes,no,no,0.0,no,semi-furnished
4123000.0,6060.0,2.0,1.0,1.0,yes,no,yes,no,no,1.0,no,semi-furnished
4098500.0,3600.0,3.0,1.0,1.0,yes,no,yes,no,yes,0.0,yes,furnished
4095000.0,3680.0,3.0,2.0,2.0,yes,no,no,no,no,0.0,no,semi-furnished
4095000.0,4040.0,2.0,1.0,2.0,yes,no,no,no,no,1.0,no,semi-furnished
4095000.0,5600.0,2.0,1.0,1.0,yes,no,no,no,yes,0.0,no,semi-furnished
4060000.0,5900.0,4.0,2.0,2.0,no,no,yes,no,no,1.0,no,unfurnished
4060000.0,4992.0,3.0,2.0,2.0,yes,no,no,no,no,2.0,no,unfurnished
4060000.0,4340.0,3.0,1.0,1.0,yes,no,no,no,no,0.0,no,semi-furnished
4060000.0,3000.0,4.0,1.0,3.0,yes,no,yes,no,yes,2.0,no,semi-furnished
4060000.0,4320.0,3.0,1.0,2.0,yes,no,no,no,no,2.0,yes,furnished
4025000.0,3630.0,3.0,2.0,2.0,yes,no,no,yes,no,2.0,no,semi-furnished
4025000.0,3460.0,3.0,2.0,1.0,yes,no,yes,no,yes,1.0,no,furnished
4025000.0,5400.0,3.0,1.0,1.0,yes,no,no,no,no,3.0,no,semi-furnished
4007500.0,4500.0,3.0,1.0,2.0,no,no,yes,no,yes,0.0,no,semi-furnished
4007500.0,3460.0,4.0,1.0,2.0,yes,no,no,no,yes,0.0,no,semi-furnished
3990000.0,4100.0,4.0,1.0,1.0,no,no,yes,no,no,0.0,no,unfurnished
3990000.0,6480.0,3.0,1.0,2.0,no,no,no,no,yes,1.0,no,semi-furnished
3990000.0,4500.0,3.0,2.0,2.0,no,no,yes,no,yes,0.0,no,semi-furnished
3990000.0,3960.0,3.0,1.0,2.0,yes,no,no,no,no,0.0,no,furnished
3990000.0,4050.0,2.0,1.0,2.0,yes,yes,yes,no,no,0.0,yes,unfurnished
3920000.0,7260.0,3.0,2.0,1.0,yes,yes,yes,no,no,3.0,no,furnished
3920000.0,5500.0,4.0,1.0,2.0,yes,yes,yes,no,no,0.0,no,semi-furnished
3920000.0,3000.0,3.0,1.0,2.0,yes,no,no,no,no,0.0,no,semi-furnished
3920000.0,3290.0,2.0,1.0,1.0,yes,no,no,yes,no,1.0,no,furnished
3920000.0,3816.0,2.0,1.0,1.0,yes,no,yes,no,yes,2.0,no,furnished
3920000.0,8080.0,3.0,1.0,1.0,yes,no,no,no,yes,2.0,no,semi-furnished
3920000.0,2145.0,4.0,2.0,1.0,yes,no,yes,no,no,0.0,yes,unfurnished
3885000.0,3780.0,2.0,1.0,2.0,yes,yes,yes,no,no,0.0,no,semi-furnished
3885000.0,3180.0,4.0,2.0,2.0,yes,no,no,no,no,0.0,no,furnished
3850000.0,5300.0,5.0,2.0,2.0,yes,no,no,no,no,0.0,no,semi-furnished
3850000.0,3180.0,2.0,2.0,1.0,yes,no,yes,no,no,2.0,no,semi-furnished
3850000.0,7152.0,3.0,1.0,2.0,yes,no,no,no,yes,0.0,no,furnished
3850000.0,4080.0,2.0,1.0,1.0,yes,no,no,no,no,0.0,no,semi-furnished
3850000.0,3850.0,2.0,1.0,1.0,yes,no,no,no,no,0.0,no,semi-furnished
3850000.0,2015.0,3.0,1.0,2.0,yes,no,yes,no,no,0.0,yes,semi-furnished
3850000.0,2176.0,2.0,1.0,2.0,yes,yes,no,no,no,0.0,yes,semi-furnished
3836000.0,3350.0,3.0,1.0,2.0,yes,no,no,no,no,0.0,no,unfurnished
3815000.0,3150.0,2.0,2.0,1.0,no,no,yes,no,no,0.0,no,semi-furnished
3780000.0,4820.0,3.0,1.0,2.0,yes,no,no,no,no,0.0,no,semi-furnished
3780000.0,3420.0,2.0,1.0,2.0,yes,no,no,yes,no,1.0,no,semi-furnished
3780000.0,3600.0,2.0,1.0,1.0,yes,no,no,no,no,0.0,no,semi-furnished
3780000.0,5830.0,2.0,1.0,1.0,yes,no,no,no,no,2.0,no,unfurnished
3780000.0,2856.0,3.0,1.0,3.0,yes,no,no,no,no,0.0,yes,furnished
3780000.0,8400.0,2.0,1.0,1.0,yes,no,no,no,no,1.0,no,furnished
3773000.0,8250.0,3.0,1.0,1.0,yes,no,no,no,no,2.0,no,furnished
3773000.0,2520.0,5.0,2.0,1.0,no,no,yes,no,yes,1.0,no,furnished
3773000.0,6930.0,4.0,1.0,2.0,no,no,no,no,no,1.0,no,furnished
3745000.0,3480.0,2.0,1.0,1.0,yes,no,no,no,no,0.0,yes,semi-furnished
3710000.0,3600.0,3.0,1.0,1.0,yes,no,no,no,no,1.0,no,unfurnished
3710000.0,4040.0,2.0,1.0,1.0,yes,no,no,no,no,0.0,no,semi-furnished
3710000.0,6020.0,3.0,1.0,1.0,yes,no,no,no,no,0.0,no,semi-furnished
3710000.0,4050.0,2.0,1.0,1.0,yes,no,no,no,no,0.0,no,furnished
3710000.0,3584.0,2.0,1.0,1.0,yes,no,no,yes,no,0.0,no,semi-furnished
3703000.0,3120.0,3.0,1.0,2.0,no,no,yes,yes,no,0.0,no,semi-furnished
3703000.0,5450.0,2.0,1.0,1.0,yes,no,no,no,no,0.0,no,furnished
3675000.0,3630.0,2.0,1.0,1.0,yes,no,yes,no,no,0.0,no,furnished
3675000.0,3630.0,2.0,1.0,1.0,yes,no,no,no,yes,0.0,no,unfurnished
3675000.0,5640.0,2.0,1.0,1.0,no,no,no,no,no,0.0,no,semi-furnished
3675000.0,3600.0,2.0,1.0,1.0,yes,no,no,no,no,0.0,no,furnished
3640000.0,4280.0,2.0,1.0,1.0,yes,no,no,no,yes,2.0,no,semi-furnished
3640000.0,3570.0,3.0,1.0,2.0,yes,no,yes,no,no,0.0,no,semi-furnished
3640000.0,3180.0,3.0,1.0,2.0,no,no,yes,no,no,0.0,no,semi-furnished
3640000.0,3000.0,2.0,1.0,2.0,yes,no,no,no,yes,0.0,no,furnished
3640000.0,3520.0,2.0,2.0,1.0,yes,no,yes,no,no,0.0,no,semi-furnished
3640000.0,5960.0,3.0,1.0,2.0,yes,yes,yes,no,no,0.0,no,unfurnished
3640000.0,4130.0,3.0,2.0,2.0,yes,no,no,no,no,2.0,no,semi-furnished
3640000.0,2850.0,3.0,2.0,2.0,no,no,yes,no,no,0.0,yes,unfurnished
3640000.0,2275.0,3.0,1.0,3.0,yes,no,no,yes,yes,0.0,yes,semi-furnished
3633000.0,3520.0,3.0,1.0,1.0,yes,no,no,no,no,2.0,yes,unfurnished
3605000.0,4500.0,2.0,1.0,1.0,yes,no,no,no,no,0.0,no,semi-furnished
3605000.0,4000.0,2.0,1.0,1.0,yes,no,no,no,no,0.0,yes,semi-furnished
3570000.0,3150.0,3.0,1.0,2.0,yes,no,yes,no,no,0.0,no,furnished
3570000.0,4500.0,4.0,2.0,2.0,yes,no,yes,no,no,2.0,no,furnished
3570000.0,4500.0,2.0,1.0,1.0,no,no,no,no,no,0.0,no,furnished
3570000.0,3640.0,2.0,1.0,1.0,yes,no,no,no,no,0.0,no,unfurnished
3535000.0,3850.0,3.0,1.0,1.0,yes,no,no,no,no,2.0,no,unfurnished
3500000.0,4240.0,3.0,1.0,2.0,yes,no,no,no,yes,0.0,no,semi-furnished
3500000.0,3650.0,3.0,1.0,2.0,yes,no,no,no,no,0.0,no,unfurnished
3500000.0,4600.0,4.0,1.0,2.0,yes,no,no,no,no,0.0,no,semi-furnished
3500000.0,2135.0,3.0,2.0,2.0,no,no,no,no,no,0.0,no,unfurnished
3500000.0,3036.0,3.0,1.0,2.0,yes,no,yes,no,no,0.0,no,semi-furnished
3500000.0,3990.0,3.0,1.0,2.0,yes,no,no,no,no,0.0,no,semi-furnished
3500000.0,7424.0,3.0,1.0,1.0,no,no,no,no,no,0.0,no,unfurnished
3500000.0,3480.0,3.0,1.0,1.0,no,no,no,no,yes,0.0,no,unfurnished
3500000.0,3600.0,6.0,1.0,2.0,yes,no,no,no,no,1.0,no,unfurnished
3500000.0,3640.0,2.0,1.0,1.0,yes,no,no,no,no,1.0,no,semi-furnished
3500000.0,5900.0,2.0,1.0,1.0,yes,no,no,no,no,1.0,no,furnished
3500000.0,3120.0,3.0,1.0,2.0,yes,no,no,no,no,1.0,no,unfurnished
3500000.0,7350.0,2.0,1.0,1.0,yes,no,no,no,no,1.0,no,semi-furnished
3500000.0,3512.0,2.0,1.0,1.0,yes,no,no,no,no,1.0,yes,unfurnished
3500000.0,9500.0,3.0,1.0,2.0,yes,no,no,no,no,3.0,yes,unfurnished
3500000.0,5880.0,2.0,1.0,1.0,yes,no,no,no,no,0.0,no,unfurnished
3500000.0,12944.0,3.0,1.0,1.0,yes,no,no,no,no,0.0,no,unfurnished
3493000.0,4900.0,3.0,1.0,2.0,no,no,no,no,no,0.0,no,unfurnished
3465000.0,3060.0,3.0,1.0,1.0,yes,no,no,no,no,0.0,no,unfurnished
3465000.0,5320.0,2.0,1.0,1.0,yes,no,no,no,no,1.0,yes,unfurnished
3465000.0,2145.0,3.0,1.0,3.0,yes,no,no,no,no,0.0,yes,furnished
3430000.0,4000.0,2.0,1.0,1.0,yes,no,no,no,no,0.0,no,unfurnished
3430000.0,3185.0,2.0,1.0,1.0,yes,no,no,no,no,2.0,no,unfurnished
3430000.0,3850.0,3.0,1.0,1.0,yes,no,no,no,no,0.0,no,unfurnished
3430000.0,2145.0,3.0,1.0,3.0,yes,no,no,no,no,0.0,yes,furnished
3430000.0,2610.0,3.0,1.0,2.0,yes,no,yes,no,no,0.0,yes,unfurnished
3430000.0,1950.0,3.0,2.0,2.0,yes,no,yes,no,no,0.0,yes,unfurnished
3423000.0,4040.0,2.0,1.0,1.0,yes,no,no,no,no,0.0,no,unfurnished
3395000.0,4785.0,3.0,1.0,2.0,yes,yes,yes,no,yes,1.0,no,furnished
3395000.0,3450.0,3.0,1.0,1.0,yes,no,yes,no,no,2.0,no,unfurnished
3395000.0,3640.0,2.0,1.0,1.0,yes,no,no,no,no,0.0,no,furnished
3360000.0,3500.0,4.0,1.0,2.0,yes,no,no,no,yes,2.0,no,unfurnished
3360000.0,4960.0,4.0,1.0,3.0,no,no,no,no,no,0.0,no,semi-furnished
3360000.0,4120.0,2.0,1.0,2.0,yes,no,no,no,no,0.0,no,unfurnished
3360000.0,4750.0,2.0,1.0,1.0,yes,no,no,no,no,0.0,no,unfurnished
3360000.0,3720.0,2.0,1.0,1.0,no,no,no,no,yes,0.0,no,unfurnished
3360000.0,3750.0,3.0,1.0,1.0,yes,no,no,no,no,0.0,no,unfurnished
3360000.0,3100.0,3.0,1.0,2.0,no,no,yes,no,no,0.0,no,semi-furnished
3360000.0,3185.0,2.0,1.0,1.0,yes,no,yes,no,no,2.0,no,furnished
3353000.0,2700.0,3.0,1.0,1.0,no,no,no,no,no,0.0,no,furnished
3332000.0,2145.0,3.0,1.0,2.0,yes,no,yes,no,no,0.0,yes,furnished
3325000.0,4040.0,2.0,1.0,1.0,yes,no,no,no,no,1.0,no,unfurnished
3325000.0,4775.0,4.0,1.0,2.0,yes,no,no,no,no,0.0,no,unfurnished
3290000.0,2500.0,2.0,1.0,1.0,no,no,no,no,yes,0.0,no,unfurnished
3290000.0,3180.0,4.0,1.0,2.0,yes,no,yes,no,yes,0.0,no,unfurnished
3290000.0,6060.0,3.0,1.0,1.0,yes,yes,yes,no,no,0.0,no,furnished
3290000.0,3480.0,4.0,1.0,2.0,no,no,no,no,no,1.0,no,semi-furnished
3290000.0,3792.0,4.0,1.0,2.0,yes,no,no,no,no,0.0,no,semi-furnished
3290000.0,4040.0,2.0,1.0,1.0,yes,no,no,no,no,0.0,no,unfurnished
3290000.0,2145.0,3.0,1.0,2.0,yes,no,yes,no,no,0.0,yes,furnished
3290000.0,5880.0,3.0,1.0,1.0,yes,no,no,no,no,1.0,no,unfurnished
3255000.0,4500.0,2.0,1.0,1.0,no,no,no,no,no,0.0,no,semi-furnished
3255000.0,3930.0,2.0,1.0,1.0,no,no,no,no,no,0.0,no,unfurnished
3234000.0,3640.0,4.0,1.0,2.0,yes,no,yes,no,no,0.0,no,unfurnished
3220000.0,4370.0,3.0,1.0,2.0,yes,no,no,no,no,0.0,no,unfurnished
3220000.0,2684.0,2.0,1.0,1.0,yes,no,no,no,yes,1.0,no,unfurnished
3220000.0,4320.0,3.0,1.0,1.0,no,no,no,no,no,1.0,no,unfurnished
3220000.0,3120.0,3.0,1.0,2.0,no,no,no,no,no,0.0,no,furnished
3150000.0,3450.0,1.0,1.0,1.0,yes,no,no,no,no,0.0,no,furnished
3150000.0,3986.0,2.0,2.0,1.0,no,yes,yes,no,no,1.0,no,unfurnished
3150000.0,3500.0,2.0,1.0,1.0,no,no,yes,no,no,0.0,no,semi-furnished
3150000.0,4095.0,2.0,1.0,1.0,yes,no,no,no,no,2.0,no,semi-furnished
3150000.0,1650.0,3.0,1.0,2.0,no,no,yes,no,no,0.0,no,unfurnished
3150000.0,3450.0,3.0,1.0,2.0,yes,no,yes,no,no,0.0,no,semi-furnished
3150000.0,6750.0,2.0,1.0,1.0,yes,no,no,no,no,0.0,no,semi-furnished
3150000.0,9000.0,3.0,1.0,2.0,yes,no,no,no,no,2.0,no,semi-furnished
3150000.0,3069.0,2.0,1.0,1.0,yes,no,no,no,no,1.0,no,unfurnished
3143000.0,4500.0,3.0,1.0,2.0,yes,no,no,no,yes,0.0,no,unfurnished
3129000.0,5495.0,3.0,1.0,1.0,yes,no,yes,no,no,0.0,no,unfurnished
3118850.0,2398.0,3.0,1.0,1.0,yes,no,no,no,no,0.0,yes,semi-furnished
3115000.0,3000.0,3.0,1.0,1.0,no,no,no,no,yes,0.0,no,unfurnished
3115000.0,3850.0,3.0,1.0,2.0,yes,no,no,no,no,0.0,no,unfurnished
3115000.0,3500.0,2.0,1.0,1.0,yes,no,no,no,no,0.0,no,unfurnished
3087000.0,8100.0,2.0,1.0,1.0,yes,no,no,no,no,1.0,no,unfurnished
3080000.0,4960.0,2.0,1.0,1.0,yes,no,yes,no,yes,0.0,no,unfurnished
3080000.0,2160.0,3.0,1.0,2.0,no,no,yes,no,no,0.0,no,semi-furnished
3080000.0,3090.0,2.0,1.0,1.0,yes,yes,yes,no,no,0.0,no,unfurnished
3080000.0,4500.0,2.0,1.0,2.0,yes,no,no,yes,no,1.0,no,semi-furnished
3045000.0,3800.0,2.0,1.0,1.0,yes,no,no,no,no,0.0,no,unfurnished
3010000.0,3090.0,3.0,1.0,2.0,no,no,no,no,no,0.0,no,semi-furnished
3010000.0,3240.0,3.0,1.0,2.0,yes,no,no,no,no,2.0,no,semi-furnished
3010000.0,2835.0,2.0,1.0,1.0,yes,no,no,no,no,0.0,no,semi-furnished
3010000.0,4600.0,2.0,1.0,1.0,yes,no,no,no,no,0.0,no,furnished
3010000.0,5076.0,3.0,1.0,1.0,no,no,no,no,no,0.0,no,unfurnished
3010000.0,3750.0,3.0,1.0,2.0,yes,no,no,no,no,0.0,no,unfurnished
3010000.0,3630.0,4.0,1.0,2.0,yes,no,no,no,no,3.0,no,semi-furnished
3003000.0,8050.0,2.0,1.0,1.0,yes,no,no,no,no,0.0,no,unfurnished
2975000.0,4352.0,4.0,1.0,2.0,no,no,no,no,no,1.0,no,unfurnished
2961000.0,3000.0,2.0,1.0,2.0,yes,no,no,no,no,0.0,no,semi-furnished
2940000.0,5850.0,3.0,1.0,2.0,yes,no,yes,no,no,1.0,no,unfurnished
2940000.0,4960.0,2.0,1.0,1.0,yes,no,no,no,no,0.0,no,unfurnished
2940000.0,3600.0,3.0,1.0,2.0,no,no,no,no,no,1.0,no,unfurnished
2940000.0,3660.0,4.0,1.0,2.0,no,no,no,no,no,0.0,no,unfurnished
2940000.0,3480.0,3.0,1.0,2.0,no,no,no,no,no,1.0,no,semi-furnished
2940000.0,2700.0,2.0,1.0,1.0,no,no,no,no,no,0.0,no,furnished
2940000.0,3150.0,3.0,1.0,2.0,no,no,no,no,no,0.0,no,unfurnished
2940000.0,6615.0,3.0,1.0,2.0,yes,no,no,no,no,0.0,no,semi-furnished
2870000.0,3040.0,2.0,1.0,1.0,no,no,no,no,no,0.0,no,unfurnished
2870000.0,3630.0,2.0,1.0,1.0,yes,no,no,no,no,0.0,no,unfurnished
2870000.0,6000.0,2.0,1.0,1.0,yes,no,no,no,no,0.0,no,semi-furnished
2870000.0,5400.0,4.0,1.0,2.0,yes,no,no,no,no,0.0,no,unfurnished
2852500.0,5200.0,4.0,1.0,3.0,yes,no,no,no,no,0.0,no,unfurnished
2835000.0,3300.0,3.0,1.0,2.0,no,no,no,no,no,1.0,no,semi-furnished
2835000.0,4350.0,3.0,1.0,2.0,no,no,no,yes,no,1.0,no,unfurnished
2835000.0,2640.0,2.0,1.0,1.0,no,no,no,no,no,1.0,no,furnished
2800000.0,2650.0,3.0,1.0,2.0,yes,no,yes,no,no,1.0,no,unfurnished
2800000.0,3960.0,3.0,1.0,1.0,yes,no,no,no,no,0.0,no,furnished
2730000.0,6800.0,2.0,1.0,1.0,yes,no,no,no,no,0.0,no,unfurnished
2730000.0,4000.0,3.0,1.0,2.0,yes,no,no,no,no,1.0,no,unfurnished
2695000.0,4000.0,2.0,1.0,1.0,yes,no,no,no,no,0.0,no,unfurnished
2660000.0,3934.0,2.0,1.0,1.0,yes,no,no,no,no,0.0,no,unfurnished
2660000.0,2000.0,2.0,1.0,2.0,yes,no,no,no,no,0.0,no,semi-furnished
2660000.0,3630.0,3.0,3.0,2.0,no,yes,no,no,no,0.0,no,unfurnished
2660000.0,2800.0,3.0,1.0,1.0,yes,no,no,no,no,0.0,no,unfurnished
2660000.0,2430.0,3.0,1.0,1.0,no,no,no,no,no,0.0,no,unfurnished
2660000.0,3480.0,2.0,1.0,1.0,yes,no,no,no,no,1.0,no,semi-furnished
2660000.0,4000.0,3.0,1.0,1.0,yes,no,no,no,no,0.0,no,semi-furnished
2653000.0,3185.0,2.0,1.0,1.0,yes,no,no,no,yes,0.0,no,unfurnished
2653000.0,4000.0,3.0,1.0,2.0,yes,no,no,no,yes,0.0,no,unfurnished
2604000.0,2910.0,2.0,1.0,1.0,no,no,no,no,no,0.0,no,unfurnished
2590000.0,3600.0,2.0,1.0,1.0,yes,no,no,no,no,0.0,no,unfurnished
2590000.0,4400.0,2.0,1.0,1.0,yes,no,no,no,no,0.0,no,unfurnished
2590000.0,3600.0,2.0,2.0,2.0,yes,no,yes,no,no,1.0,no,furnished
2520000.0,2880.0,3.0,1.0,1.0,no,no,no,no,no,0.0,no,unfurnished
2520000.0,3180.0,3.0,1.0,1.0,no,no,no,no,no,0.0,no,unfurnished
2520000.0,3000.0,2.0,1.0,2.0,yes,no,no,no,no,0.0,no,furnished
2485000.0,4400.0,3.0,1.0,2.0,yes,no,no,no,no,0.0,no,unfurnished
2485000.0,3000.0,3.0,1.0,2.0,no,no,no,no,no,0.0,no,semi-furnished
2450000.0,3210.0,3.0,1.0,2.0,yes,no,yes,no,no,0.0,no,unfurnished
2450000.0,3240.0,2.0,1.0,1.0,no,yes,no,no,no,1.0,no,unfurnished
2450000.0,3000.0,2.0,1.0,1.0,yes,no,no,no,no,1.0,no,unfurnished
2450000.0,3500.0,2.0,1.0,1.0,yes,yes,no,no,no,0.0,no,unfurnished
2450000.0,4840.0,2.0,1.0,2.0,yes,no,no,no,no,0.0,no,unfurnished
2450000.0,7700.0,2.0,1.0,1.0,yes,no,no,no,no,0.0,no,unfurnished
2408000.0,3635.0,2.0,1.0,1.0,no,no,no,no,no,0.0,no,unfurnished
2380000.0,2475.0,3.0,1.0,2.0,yes,no,no,no,no,0.0,no,furnished
2380000.0,2787.0,4.0,2.0,2.0,yes,no,no,no,no,0.0,no,furnished
2380000.0,3264.0,2.0,1.0,1.0,yes,no,no,no,no,0.0,no,unfurnished
2345000.0,3640.0,2.0,1.0,1.0,yes,no,no,no,no,0.0,no,unfurnished
2310000.0,3180.0,2.0,1.0,1.0,yes,no,no,no,no,0.0,no,unfurnished
2275000.0,1836.0,2.0,1.0,1.0,no,no,yes,no,no,0.0,no,semi-furnished
2275000.0,3970.0,1.0,1.0,1.0,no,no,no,no,no,0.0,no,unfurnished
2275000.0,3970.0,3.0,1.0,2.0,yes,no,yes,no,no,0.0,no,unfurnished
2240000.0,1950.0,3.0,1.0,1.0,no,no,no,yes,no,0.0,no,unfurnished
2233000.0,5300.0,3.0,1.0,1.0,no,no,no,no,yes,0.0,yes,unfurnished
2135000.0,3000.0,2.0,1.0,1.0,no,no,no,no,no,0.0,no,unfurnished
2100000.0,2400.0,3.0,1.0,2.0,yes,no,no,no,no,0.0,no,unfurnished
2100000.0,3000.0,4.0,1.0,2.0,yes,no,no,no,no,0.0,no,unfurnished
2100000.0,3360.0,2.0,1.0,1.0,yes,no,no,no,no,1.0,no,unfurnished
1960000.0,3420.0,5.0,1.0,2.0,no,no,no,no,no,0.0,no,unfurnished
1890000.0,1700.0,3.0,1.0,2.0,yes,no,no,no,no,0.0,no,unfurnished
1890000.0,3649.0,2.0,1.0,1.0,yes,no,no,no,no,0.0,no,unfurnished
1855000.0,2990.0,2.0,1.0,1.0,no,no,no,no,no,1.0,no,unfurnished
1820000.0,3000.0,2.0,1.0,1.0,yes,no,yes,no,no,2.0,no,unfurnished
1767150.0,2400.0,3.0,1.0,1.0,no,no,no,no,no,0.0,no,semi-furnished
1750000.0,3620.0,2.0,1.0,1.0,yes,no,no,no,no,0.0,no,unfurnished
1750000.0,2910.0,3.0,1.0,1.0,no,no,no,no,no,0.0,no,furnished
1750000.0,3850.0,3.0,1.0,2.0,yes,no,no,no,no,0.0,no,unfurnished
16690580.59847983,3270.762434269123,1.927517906639505,4.1707338711983315,1.9034350405605556,,,,,,1.4432047424293226,,
2865161.5046903016,3626.1367559403943,5.908488370287636,2.4455299917309654,3.0181158526077585,,,,,,4.337622054329348,,
13875488.060599484,20680.631661649233,7.802611331913811,2.023492772099676,1.903654135566806,,,,,,2.887108565595274,,
14213285.900279874,5049.749455182444,1.6312366049054146,5.865525988882945,5.826946752964993,,,,,,0.10544829915324694,,
16461711.394678729,3460.428528298272,1.8675348372845515,1.598918166643303,5.132677421968127,,,,,,1.9357915879994094,,
18784944.669219926,12032.16503689406,5.795777075152094,5.112138324012097,3.568347394604071,,,,,,3.937539148847866,,
2973888.233046446,20895.15752513469,7.646217640395393,5.0461581730875995,2.50621146745652,,,,,,1.356552838848006,,
5289302.69801647,8202.062816879014,3.950541679264752,2.837463512302932,5.700547973624335,,,,,,0.42550355148474706,,
17977917.66952008,11678.877877503124,4.122107991057916,2.11031977203291,3.050684680771373,,,,,,3.41273147215463,,
10568834.08989004,3346.3092732038704,5.972598731225819,2.155328910174405,2.2244299425931864,,,,,,2.727062243712366,,
12406532.819522256,12276.138570993666,3.5565966684311023,4.638442277567366,4.034239748042797,,,,,,2.5664062852192675,,
14111946.304503528,15081.405484905443,1.699562745582631,4.392629659887781,5.746983541551672,,,,,,0.24109451823333566,,
14389828.922886917,14935.04644814056,7.01421388576197,5.02235553413124,1.5172363072514516,,,,,,0.632245544079828,,
18767402.487458505,9730.21255670552,6.192374347060898,5.718665275795971,2.571561794642994,,,,,,2.801472282959012,,
19897148.656657178,9361.511667972933,5.855669992917443,4.613673134699663,5.723014381846834,,,,,,0.9352072865647612,,
15101728.01062854,4802.060483291249,7.062630967438674,2.2013319144814956,2.269886850857229,,,,,,2.2683153588679095,,
7601107.449479238,10480.373348104808,6.564231281715282,2.595491775444348,2.0095955323791896,,,,,,2.4519675871322706,,
17866710.3697495,4646.471148152454,3.0441149113374086,5.289871788929016,4.065842471099121,,,,,,1.2757823562192274,,
3477752.3444186947,19205.956493340527,4.143607852075133,2.4418773412539387,5.378297204826735,,,,,,4.267913199936718,,
6628475.776050647,23563.936548354155,2.4458260625896875,1.8263504262951664,3.6469941796226677,,,,,,3.791088480760088,,
18172207.55505886,23646.875016750877,2.4739276006341075,4.664760243190127,5.975539155080361,,,,,,3.250680784347593,,
7063517.987661825,21355.17674386797,6.571468097674044,3.3113685997056392,4.556272647920968,,,,,,0.3509723988423409,,
6447779.607946793,15587.288659337188,7.939500802368737,5.640180236456566,1.8333370824470148,,,,,,0.4775850868905875,,
5018020.703654783,17771.39384234768,8.720494378958541,4.426147819921477,5.967744592568889,,,,,,2.2175160563923004,,
17509111.20123283,8699.616643500038,6.212603381620833,1.9068854000624733,3.3355240655108567,,,,,,0.7232100713594356,,
11288509.340485577,16241.564420267445,2.8807599252071774,5.765354552641473,2.7933114023046715,,,,,,4.402194585882634,,
14317524.742913231,12419.551416525326,2.2923775908669803,2.6635076863811067,4.010456326100485,,,,,,0.7133410531233425,,
6766825.104099888,12995.028440631551,7.596382286525683,3.017456206828286,2.8693841631938897,,,,,,2.193605259587883,,
15758050.294019327,19013.473430187823,5.840673572699995,3.310171861575939,1.8890587820406854,,,,,,1.6385447557867745,,
15792096.066468356,8627.868110910018,6.137137657602899,1.7305093338194095,1.5064275438562953,,,,,,2.877238896543441,,
8040760.7815363,9416.214525232896,7.360965665660319,3.734319400037722,3.5231250881411804,,,,,,0.5806638400024121,,
9740076.61690315,22655.307091382496,6.774579207993387,2.054933209838815,5.265885400019665,,,,,,1.936423926190759,,
6257884.05647823,3702.095235122469,7.758436896420725,3.304366470097583,4.075418335335344,,,,,,1.2361726476321464,,
19543919.72906932,13073.968562871154,1.9216042909490887,3.0781940459643793,5.996432845245484,,,,,,3.9948818610225962,,
13810064.647536982,22396.87746890158,7.1064047755987865,4.977780375419265,2.7908099054123996,,,,,,0.18263570460612788,,
18815972.733396307,15796.172645631277,7.881395679915716,5.11426730234729,2.7620477914202493,,,,,,4.111773723029066,,
7881154.543374732,14400.334394679783,3.6460128184373577,2.190357970750896,2.218872571052749,,,,,,3.748473623488502,,
16171260.067671115,7925.6667116806775,6.303354554949396,3.149480343206518,2.2382861471940085,,,,,,1.3390682239836695,,
15893501.005303156,9966.987548831585,3.856215478777291,3.1800892246432424,2.783339682045215,,,,,,3.551807946046971,,
14607934.168587832,21070.956674937424,8.684782998618406,2.1813469977123825,5.067780203730872,,,,,,0.14046102152436402,,
19354695.24649732,14679.935725846599,1.7506767932662781,5.093040772730357,5.575905557864015,,,,,,4.350894976320271,,
9443346.198041916,13709.24837874172,5.848446328747163,4.682527477509405,5.887892263684566,,,,,,2.369677241654052,,
4889677.6311925445,4648.327248011132,2.748776602871363,2.3567180383366564,2.5453034434340367,,,,,,1.3647646172945036,,
14262355.986403354,2824.814514633062,6.84165153882869,3.1502485886720955,5.465838955263413,,,,,,1.6316244566760467,,
15260292.293267597,23507.429243094848,2.819177125639966,1.976122611854314,2.9771479017480167,,,,,,0.29882409057223813,,
12587924.435173964,10702.723101035319,3.2653744642376816,4.326929686918698,2.00778245032598,,,,,,4.452072813189177,,
6208119.99853609,15640.12508032168,5.207781082843185,2.0461736604687886,5.415112164840745,,,,,,0.17681375317811604,,
11364699.189421581,4214.781472312495,8.361262124976585,5.93670375881213,4.362475355896283,,,,,,2.9470820541653655,,
8033687.186060167,17383.969285905492,3.0878577911097813,5.013069336095381,2.2412890323647776,,,,,,1.9923116746790623,,
10030857.600487888,22828.268417507596,2.5818001583857764,3.256073473127978,3.4342406588085117,,,,,,4.270122981849218,,
13803411.826508801,15038.894146668685,7.192326238905229,4.103537695257095,2.7926596269468043,,,,,,1.1069988313805783,,
15535845.417118708,5227.466910843335,5.254646492504483,5.60103817297384,4.815575559195887,,,,,,2.394390707721051,,
6648292.76986577,15171.07233710863,8.338388342863286,3.9934467617812177,3.540373037809206,,,,,,2.1706029386223884,,
9647261.873208467,19200.52792600904,2.599609178698817,2.2852431887907985,5.951759752978733,,,,,,3.1628989982254563,,
7288224.217429976,11345.040910727957,6.344459197672795,3.204165100115217,1.746352420168178,,,,,,0.3060460437858923,,
6066292.710156882,21677.458848822534,3.246593596138613,5.294151892633854,3.0975686976131103,,,,,,0.8720510851050969,,
16197183.5864279,16632.50545702448,2.675703214887295,4.398958571953281,3.668550751994898,,,,,,0.9655416904178242,,
18377802.931120895,22101.107641661845,6.625720613679529,4.428259729502102,3.7641009963674392,,,,,,3.3216783967876036,,
9039272.616985291,16083.003417973134,5.952634649315499,5.400696685598201,2.9217112007353654,,,,,,0.8511241334703303,,
15640907.36477551,5340.359989005288,7.161205937717484,5.522878758581271,4.781581120939056,,,,,,2.580712937509395,,
18165443.388238423,9234.021594870752,3.8209693233463677,5.639066573007463,5.4363618307003865,,,,,,0.9685971922542916,,
17284101.947436262,6879.174745609872,4.859787422866424,1.9268213696392025,5.724236858900383,,,,,,3.877312275377903,,
5792241.956442089,22310.13831267052,4.541037572478139,3.948567008833954,5.122920195597867,,,,,,4.239834545203373,,
19192756.847218983,19070.731468549307,8.880670979748857,4.832292845482433,5.327610887879697,,,,,,2.3332183872400822,,
9150919.330440437,17237.394401460882,3.691867175545409,4.9061708030715625,3.9774538527899796,,,,,,1.5853899789413022,,
8502344.454836715,9043.589925960143,3.711129287600752,4.230222908865017,5.216497018920665,,,,,,1.053259987578746,,
3706622.7450875444,6491.777149995911,4.1591115662145555,2.2505430083265336,2.8657675911657847,,,,,,0.22401450685369695,,
11047958.557367098,18984.544995358,5.734455609677411,5.08839249273749,3.293154429491465,,,,,,1.2082503428887292,,
4513660.89097909,12823.497168810914,3.3924205819780893,4.740501000817256,2.9261085621834493,,,,,,2.9440610097539306,,
6930952.397567655,7402.85697568748,8.364674552844555,1.8876109719706633,3.6032430095156647,,,,,,2.4012761908914486,,
8116030.92211815,15932.774673457128,3.492641736496976,3.587144211034693,2.7851082730738637,,,,,,4.248185752264173,,
16637916.054493425,3355.2863229217146,8.21861798670146,2.2828982978481163,5.827251490145011,,,,,,1.7832476812126528,,
17792840.868108906,9593.665796349133,2.276062977349385,3.0186467057083735,2.9078008260255066,,,,,,3.1223850404777753,,
7865228.950019962,12701.256406951514,6.424220267997392,1.5813649149255844,1.9412004214992291,,,,,,2.2019523636380463,,
17501944.950562242,5704.190641937783,8.302391388286829,3.3014844078484122,3.8706772472268605,,,,,,2.3065929716589526,,
17476525.989931628,23965.083973420074,2.7656207879867214,3.974446145202947,1.7569458530032938,,,,,,1.2049844157185288,,
15872577.715417935,7038.549982168331,8.762452200744413,4.2881216677218905,1.9974442483886123,,,,,,2.0472784957889987,,
5166492.85031302,5319.957063194271,4.896625203116338,4.485706553079195,2.4872522513831083,,,,,,2.1185324865571826,,
14584843.32255513,6917.148622581514,8.592863313307683,5.26331090896107,3.5895761244696374,,,,,,3.179891347870203,,
18997541.918858353,19259.75923121098,6.576150327225353,2.469583082740785,3.4496291953906253,,,,,,4.2328799963375126,,
14450013.794640996,11761.661013607969,3.7619015240516367,2.042168200973106,5.09861337901256,,,,,,1.4819457486712693,,
8370261.910793223,14815.202885099143,2.912268936878298,5.3319172735406655,4.82763594247851,,,,,,0.189902108615843,,
11297536.674489152,2933.5248512273233,3.778012846688245,2.204757667016924,3.418432322958156,,,,,,2.233328064752879,,
13812186.376057005,3226.46330961259,2.1976305694700624,5.886420366012879,3.0016689340903344,,,,,,2.4500759946712587,,
11470632.331221323,12205.142624974627,2.579009747574973,5.291422032293866,2.9241095282767438,,,,,,0.7579824800936186,,
4703184.715489052,20298.500682875434,2.2849533025986086,3.753944726503196,4.98297789282304,,,,,,3.4220907282423,,
8031509.573596258,21795.33852779261,4.672076578061683,5.916396412149114,1.7343258279957139,,,,,,4.432180987986713,,
16526511.229341684,4367.370837774848,7.4668378219318985,1.938195280986019,1.5576974227977263,,,,,,4.255986226538075,,
17549067.64860484,14224.774703354822,2.5603766566225516,2.8637959252879575,5.079949763669916,,,,,,0.8869771747064348,,
5003723.066797255,22406.23790304508,2.477403248792519,4.372009867682752,3.6471586919507217,,,,,,3.939134579553423,,
19125100.485307902,10942.50536473387,6.325717121379981,3.075030908129304,2.088965123491092,,,,,,3.170221363852581,,
8321851.854227156,20580.274270924143,2.9788723647604973,5.677676483913563,2.560046705675256,,,,,,2.042309537131102,,
14099585.523509724,5392.907657267695,2.2320752858174373,1.795317396800179,5.696267788938221,,,,,,2.4327494744612808,,
15650370.6536995,22889.984736999708,2.7513643365418323,3.9723532442743403,5.3677633903120405,,,,,,3.8232007874210616,,
16691968.51510133,18874.81390512068,8.427985469075821,4.1588982032780155,4.694032726007876,,,,,,2.160607228372679,,
19010113.591064237,23019.62312257413,7.6610343958214315,4.437276556997508,3.6700135365179696,,,,,,1.6794331609730708,,
8046331.1695993515,17242.171122283453,4.155484217663206,2.650498004993165,3.841456317861236,,,,,,2.219613718616936,,
17498624.325105682,10406.290815887494,6.418655754955446,3.1405489238393898,5.888600408777814,,,,,,2.606084118157721,,
4906475.602032287,22950.804090352067,5.529567552510286,5.296562383492399,5.845966997479292,,,,,,0.8508494420025698,,
14839833.702575995,8489.24489294782,6.578431976119229,2.377242460365719,2.468710706036254,,,,,,4.054084786201458,,
15479764.163829805,9724.665293997314,6.620033643470695,5.220905312280129,5.149970548373932,,,,,,3.033841269733262,,
14366555.153812876,17770.14372288798,6.215505112949947,4.031949403062341,2.3875919977515756,,,,,,2.8497101280187,,
6996352.803541525,19178.028237141556,3.4957602640298147,4.929843800373369,2.4609186504777814,,,,,,0.4477330178128716,,
17750472.5220384,22759.231035007782,1.792548155721136,4.711233148185622,4.5424186537405955,,,,,,2.718782721776663,,
5550472.877892094,6944.812577651773,4.916750864925816,2.4338017292319556,3.3225049436439678,,,,,,0.5443229800732154,,
3554222.7630983945,19891.307118659563,8.182304135180278,4.059657313952428,5.691949831979341,,,,,,0.35413953837929574,,
15055080.962351378,18593.76761538873,5.7712294388893195,5.404754187622916,1.9005438070320397,,,,,,2.3728990303907698,,
10862616.76640711,3867.316190234774,7.74293281276431,3.4445230656086823,3.8018653836427188,,,,,,1.8125349032092273,,
17335623.195784062,10926.145056912766,8.937182572209212,5.849658466004925,5.633346886994046,,,,,,2.6496462157030045,,
9267355.468834337,8646.356100336652,2.727121531037072,3.534967950457731,5.568511472157773,,,,,,0.40149975625757367,,
5540426.545896124,9120.503511526713,6.6883322935648675,2.142535365005481,2.2043814603708354,,,,,,1.9394237828126628,,
17116360.984540492,23927.815646281346,6.557201802750185,3.2524560603495294,3.149869650434054,,,,,,0.7865402177032108,,
12134859.368164241,16503.617049199427,8.849665855187087,5.782660828757417,4.286046300210133,,,,,,4.441950386658524,,
5902817.103162898,18138.282143843127,8.892005504646002,2.938743822029344,2.2172769814713096,,,,,,2.525175955958285,,
15105652.775510173,23789.679934400076,6.650089587930971,5.406441719401783,5.856099774205824,,,,,,3.0934658742339027,,
11480043.786830597,10707.428902137965,3.327110939866457,5.465628067568504,5.616371979274471,,,,,,1.4643822630717351,,
13094722.41731354,19975.16167648249,7.489168785979492,3.0758393594938247,2.251275805655111,,,,,,0.4263251165070487,,
10610063.709429031,11958.63827412061,2.302718506582786,1.8746594612278447,2.0451995756744346,,,,,,4.391418882525915,,
16982383.14464696,21452.57238736193,7.355244781287215,4.760510591214683,1.884338172637194,,,,,,1.2881656592243245,,
16997174.04920884,6417.850839119192,8.326470931085222,2.901805345562937,5.59249648816484,,,,,,1.907136833281084,,
14915161.33810749,23158.2508144279,4.371250460763264,5.023156264159075,2.3713071440795734,,,,,,2.9243876476615878,,
4451078.863393709,7249.692536067449,6.229764712373104,3.491946817171949,3.373282178449596,,,,,,0.11113783958750079,,
17158143.157487992,9594.762564858831,4.7260704907261974,3.683700340541797,3.5198311454340137,,,,,,3.6461660873277912,,
14250299.887732662,18978.895509380483,4.783237912410963,5.000592330368415,4.195549698961054,,,,,,2.414601855128791,,
14700943.67602449,11068.705964665001,3.8277816683109003,3.2206349897773254,1.8228090468634124,,,,,,1.2519773418096998,,
8913677.709997077,15749.213297927698,7.215972153377435,3.4940730539531155,2.5204137783023217,,,,,,0.2772359338161116,,
17858518.31042014,12177.816660840277,8.521324231248789,3.1928571094633,5.691706741135167,,,,,,0.7312428696349864,,
15192062.974068906,18677.223876984488,8.55563144425846,3.15303231874776,5.587845482708563,,,,,,4.027652364840466,,
4575629.832618294,7458.329582944932,2.8108596365620038,3.8667595960565673,5.015807913325615,,,,,,3.0871090077115095,,
9689754.446086768,3750.845571444841,8.060577372424245,5.139597500255178,1.5873056052819694,,,,,,1.1245577473660042,,
17981539.770959456,9020.959099849671,7.030735810703416,3.1279574036515463,2.9715304582324595,,,,,,0.2952034422526329,,
3442682.856907091,12826.78661075349,3.3962805051771694,3.8591462424198153,4.325814309043086,,,,,,3.1077689057398636,,
19281542.93529851,6142.0376391052105,2.0046345969113593,4.518272964491704,2.7383559529806405,,,,,,2.575834766854943,,
14391491.496136425,10218.450846750682,3.509979501632835,2.7124775083664474,5.593140127741998,,,,,,1.8203378600620577,,
13563588.8126715,11204.629374257132,8.341561775861443,2.7488526220607667,4.352502578245988,,,,,,1.6362515213552873,,
7312439.118654451,3727.5769884965703,6.248840061718292,5.700359071605547,1.8235802279240052,,,,,,0.9756642416809873,,
6935317.739906243,15205.680691620264,6.907909956734039,4.755905579989898,5.590525149760664,,,,,,3.0132506544188296,,
18946158.652639918,21775.79531547335,3.4286426333182187,4.097340043004889,5.809949961793001,,,,,,4.368006125072418,,
7792570.269606177,5786.78907520037,6.895411166811152,4.414740244892753,1.8497058827627648,,,,,,0.7907186062657163,,
16060629.265656665,15522.159892488044,1.7109112970844282,1.6318474939653826,3.895621056875917,,,,,,2.6870247900697652,,
9435835.153937645,16982.933147179217,4.314910093297604,4.281463345027635,2.865139269963767,,,,,,1.908832750856893,,
5037576.776344996,11626.979400150967,6.200650114067484,3.7927899295089085,3.2677758441663105,,,,,,2.010099247850992,,
2810642.532572094,17776.45484422519,2.5957242415599016,3.9558735590074603,2.3084304807990383,,,,,,1.1436627605751648,,
12054258.36378922,11439.215936691338,7.672526808352011,3.117407220738677,4.101324459055856,,,,,,3.713106940476386,,
19530368.031360257,13488.708810107517,3.26273474108939,1.8666325397082386,5.810907089620008,,,,,,2.183650218662585,,
9020284.557744468,2635.480197400369,6.392108346138347,2.370026551254235,3.7638267012222406,,,,,,2.4453263348921883,,
8813357.1864295,17571.791490989584,4.538978569314972,5.778351209457023,1.8731156162751652,,,,,,1.3714241075879658,,
8586387.279241584,16908.80396796861,5.970326966082354,3.339148030219203,4.290006000648338,,,,,,0.8181380955012738,,
11643421.981306672,3313.09914764747,2.305879144716811,3.600074201238889,3.0310034750306567,,,,,,0.3865967469126922,,
10259519.105325885,10512.058593898779,1.626845999412055,1.7371940543404754,5.35166335316084,,,,,,3.213536134162122,,
17869520.908045527,23842.36992527814,8.32173320535226,1.6690480329479127,3.456051667424116,,,,,,0.8830542675953503,,
11383147.716609469,11657.575478060062,3.522225065753871,4.727316511710409,2.3677782402401055,,,,,,3.1053390938495897,,
11421904.546616955,13429.958467002445,7.647577520853443,3.9214259885450007,2.3599753021101524,,,,,,1.7566940072112924,,
5022287.878533643,22334.225701835858,8.9951272535415,3.7891769289732,4.959438813245222,,,,,,1.8709866044534316,,
19650962.546272438,18129.240440770132,3.0857344349918336,2.594060386902009,2.6951441923831196,,,,,,2.1112987324174726,,
6955780.334302474,15178.68061178618,3.488780558875167,4.85137829233465,4.952550273716503,,,,,,1.6546882865739443,,
3896032.468737616,19887.087170268907,6.4714484072599925,2.2570646059882136,2.4264928984496974,,,,,,0.4527898975016554,,
14114008.763495492,21339.793765401617,8.74086475950466,2.35470634647459,2.947588659155892,,,,,,1.393343145012806,,
12939722.362967819,12446.58216566585,8.36860761143058,3.5732047710672394,3.5946913759786474,,,,,,2.986804623122723,,
9817398.45542432,12844.240064637308,5.271566400491887,2.7882593795037343,5.744381323620528,,,,,,2.9960298066099194,,
9939480.451982748,10900.561670601317,7.463327118950435,2.613583415549159,5.692791411392211,,,,,,1.2880093825799745,,
16226232.43212942,23573.361505902903,2.518093898249258,4.403569400489992,2.430923439400295,,,,,,2.070461819509596,,
6015721.4897264205,17690.653499886896,8.830786381530093,4.42937285348345,3.1119856855938277,,,,,,0.8705125260537186,,
16835888.750720214,4291.343419991178,8.732649255269898,5.210326814099682,2.1722972480419753,,,,,,0.946674366884261,,
13864543.74823119,21309.09377880663,2.7279671840937825,3.3796885513783916,3.7949328569107372,,,,,,0.10371189782973333,,
9883651.33073026,12963.22070875155,3.7456734360232997,1.828882909617676,3.5726214781259995,,,,,,4.035359474584851,,
10560345.782315524,3975.554007670789,2.251162481300752,2.7314987321465596,5.553420731028296,,,,,,0.948179992837078,,
7071412.86449911,14472.579093939263,3.5378819917363478,5.910024584385676,5.685024200059827,,,,,,1.0239024462140849,,
15655380.813975088,11579.610388644698,7.61966842061405,4.18316358854716,3.226053259532814,,,,,,1.2582064469030931,,
11510554.910438763,21631.880761126788,4.337367053739446,4.693816881604591,3.7128207435854526,,,,,,0.5733363226294306,,
8183804.95314104,6927.182223774879,2.1629772536006877,1.5331102333143654,5.533063121157599,,,,,,2.876682974316133,,
12951568.255558463,20512.59010216689,4.0666914358417845,3.831925794821344,5.130185134852777,,,,,,0.33814328929913956,,
19876099.38178917,14646.555685122506,8.860375006809601,1.668878958893114,1.5164534010509216,,,,,,0.6039109184685763,,
10165918.995049795,3666.869867633962,6.2226269644440215,4.061535954411516,2.9402680388261215,,,,,,2.901405269655418,,
18575978.518489584,23685.5237014287,4.621207098046183,5.643468823362339,3.3979840887125663,,,,,,1.5284727921664922,,
8602416.751693107,13662.827702552338,2.7490388512295247,5.857886087251836,2.533723276574543,,,,,,3.185765220155351,,
3573244.1474753805,8823.387343604289,8.896325979627711,3.9324870392501587,2.398072271531724,,,,,,2.508411351015639,,
6163494.49283303,12719.804326415559,7.656367569473466,3.561921623634972,1.6700302796805584,,,,,,1.1520952787768088,,
9878893.358152129,21197.746125269197,3.6110797683818956,5.752576924118223,4.395163762813922,,,,,,2.928725777201976,,
6430175.137900908,9129.510689704011,2.0255152179089206,4.531244243985128,2.6812963071742457,,,,,,0.523231561317963,,
2628933.4371312773,6680.162353322235,1.9246916803316854,1.7920467579228425,1.7355623029409089,,,,,,2.4138467238601367,,
18477401.64147591,5291.9799642664875,2.4028361212915037,3.595765099503739,2.5394068973762867,,,,,,1.9671664727026559,,
17245210.799575843,8975.78136986636,5.855764377108162,2.5811025830893675,5.108612787762569,,,,,,1.2054311226784835,,
15485212.91051136,19499.549499648947,8.465725659041194,3.614119446519067,5.331701317409459,,,,,,2.7180224898277503,,
5532387.869567446,12768.245420386585,5.225575710044883,3.5495950740286277,3.673798103369862,,,,,,3.9210011655312713,,
4710298.957838008,7439.78600061151,7.822091118421478,4.119651612666339,3.372318016839088,,,,,,4.495071148933845,,
3796252.2846090384,6101.9876164827765,4.844149648948559,3.1054672065716304,5.9003416207580175,,,,,,2.7349324593454103,,
15168805.69549086,9736.820824839024,6.8143765932586895,2.239217022551676,2.4025409681463143,,,,,,1.8211764344812658,,
18716597.91891761,22988.849438230594,6.989045529648756,3.7667374556548032,2.469116772845738,,,,,,1.0134319509729073,,
10084033.097318366,9961.558002277281,2.80472779427504,5.235912979555929,2.813402296663799,,,,,,1.1569324022780028,,
4689112.142331535,24040.807957709916,4.209120442318588,4.4880550263042105,2.277407932264893,,,,,,2.1575474016739458,,
11502205.619183747,13065.154697078899,6.27976617403518,3.0226553966634713,3.2071451919188396,,,,,,1.6527496557631915,,
8668512.796720767,6385.2525166825435,2.030224561382746,5.709853602414857,5.5987540214538924,,,,,,4.112165351812249,,
9118841.81436371,21924.132503393343,4.211551408222174,5.6049340706213195,4.269065282828585,,,,,,1.6573296044506929,,
13389553.063497629,12522.256018667596,5.510995997108943,2.4420677972284444,3.3537594687551864,,,,,,1.6805006601544596,,
15076791.312267656,17963.577071986245,8.97168369783479,1.6773791330416334,5.704848575570466,,,,,,1.7259053059528964,,
4541207.350477512,23944.505303539736,5.059001719668306,4.83588918757843,1.7180890461412004,,,,,,3.7647909466544616,,
3241600.7487222035,3570.0770207334326,7.620425678357427,5.22424617607119,2.4462428005583763,,,,,,2.928547443811058,,
19851772.49403001,4585.358767363652,4.740504637999633,5.8553905467810985,4.0464987229579155,,,,,,2.763759826435017,,
6657018.6449619355,18198.968382424653,7.472930419647817,5.5042637733973985,4.2699868043693066,,,,,,1.5036436007273797,,
3557613.8440390537,8625.830696923676,5.965611012150813,4.202406456928866,1.678008779531759,,,,,,3.6805687957459776,,
5914590.076586814,6497.377988435912,8.149465811267987,3.8852355264557135,3.3136744105820948,,,,,,0.1726373761006551,,
3299944.6879871427,3334.0730270655963,4.582069142625825,1.6252847306816383,4.421192841738927,,,,,,3.918587275521509,,
9413123.7492425,2951.8044890988544,6.032283148661092,2.6099540108015002,4.641317458815307,,,,,,2.307374549072683,,
16526610.915619193,19378.148288089436,6.225140104641206,3.568266382798169,4.371629561323212,,,,,,1.7921260568853576,,
8537060.09205251,5409.009552340429,4.63037206350355,4.328267550376055,2.9425345096241604,,,,,,2.2372527632295856,,
10320477.524167702,12683.002443570369,2.5823403276561114,4.007633249932848,1.9208405561905928,,,,,,3.00336988740224,,
14329540.852055877,15698.697991292216,2.2016955518425165,4.841861953567607,3.4220060088870037,,,,,,0.05744441933053812,,
11441589.763960674,11823.77804741507,1.6250366294972483,2.758951188991684,2.0793949681562496,,,,,,3.9219833540621147,,
17549546.51031944,3066.6026872382877,8.05150698183911,4.0422867344361295,5.764306463343002,,,,,,2.0103278639012676,,
17629068.07016773,19574.92029398111,3.273561841790209,1.8966400952585647,3.638268897101827,,,,,,1.5433493386503518,,
2796702.799384237,2704.4511256215874,3.0863006196132603,3.3614948561244313,2.927666284605904,,,,,,0.622105045353257,,
16104652.259821426,19103.24694478859,7.020265503195492,4.875723748295704,4.94836832003505,,,,,,1.9775941846129896,,
10607209.624187,21971.37057692578,3.900120848155438,4.620303840430698,3.7407686666201876,,,,,,2.2334524707797048,,
19756662.378085963,11921.731277072786,5.295335193088775,5.957892317274806,2.895153108056025,,,,,,1.8164101252206502,,
10996995.714541914,14163.214475359446,2.718832989730922,2.7505100669449023,5.153854840758608,,,,,,3.053970422221037,,
19722972.253852256,12885.162543880293,8.69809291096477,3.741851846282906,5.402184679505049,,,,,,1.894034379416517,,
15697914.182889387,10969.478101456552,7.886860500129281,2.982886861982985,4.528536748299047,,,,,,4.32637910030958,,
6932079.625925532,21843.040484458113,7.978422172237525,3.4827140132662864,1.7113399008345027,,,,,,2.6967488302061633,,
11952693.016146543,21985.09887037254,4.550803114290039,5.356275584412247,4.048452960749394,,,,,,3.6336507104335904,,
19813749.953966446,9804.192158301492,7.217709102803796,4.57894083834819,4.934827103987767,,,,,,0.4921015639926548,,
17481717.779302076,15898.897381370783,2.5790711654233514,5.470985361064118,2.11426355437612,,,,,,1.7878108182565757,,
4311881.434932905,22704.757543833486,1.564642519438352,2.415799987493489,2.529018381230715,,,,,,1.515814656512187,,
14862894.844733182,23471.926739394996,1.6497969943352109,5.4301250302864705,5.471227972806614,,,,,,2.562670746614663,,
8612166.325211836,13583.031057211187,5.899513030534203,1.76893023380273,1.590547748338833,,,,,,3.875010840276415,,
2745967.687077031,12357.901375330432,4.915461789359556,5.498696761967186,4.887272120216892,,,,,,0.35252197992903,,
9615307.788392767,8557.503445140075,5.385115116813898,2.9808320075732757,3.631979816314903,,,,,,0.32658659120119854,,
6692120.356385128,23402.3786323807,1.5559735531291454,2.915644350363299,3.5104747147782307,,,,,,3.826429686709195,,
16811910.11176717,5591.922195120331,4.6701496474306925,3.804398595143988,1.5319343962269922,,,,,,0.9578253871726083,,
8469252.798252888,15129.780497241598,6.885511209006456,5.733105844754543,5.1872920393492175,,,,,,3.0093896450241617,,
16961847.99774988,8641.659588594293,4.820202764755769,1.7150161410663243,3.1192120528645493,,,,,,2.442951595623623,,
2635359.2903128285,8564.35593684066,6.991644047341667,3.085039387818354,3.933445340852443,,,,,,3.7480211769925327,,
7957966.774202514,11313.439419485314,3.247642232976261,5.354573949075011,4.547853088510467,,,,,,0.5629000942638158,,
6803187.337881976,24273.65582417666,7.598565033612941,3.2822451484596002,4.661833093970621,,,,,,0.5840233457517507,,
6671554.530513685,3674.6396467791164,5.913234303400892,2.3962060391868016,5.801910264717325,,,,,,2.505682621252384,,
3806333.187436641,15101.675182292074,3.080723245724297,3.411573815991353,3.8910297895647408,,,,,,4.258703940112669,,
5866927.984861942,4277.137349119925,3.275403568903747,3.234986256712512,3.2987379793849243,,,,,,1.8674899126683941,,
12249896.298268365,5847.417114543076,6.210228484271528,5.619372906600166,5.791666319212686,,,,,,1.4712394511461273,,
7672830.586913923,12068.461204193514,7.724546949093325,4.9287046908439365,4.389496057614846,,,,,,2.730101954390486,,
9856364.603852488,13615.792366636082,4.617208365218664,3.7730200008480286,2.8416766032445,,,,,,4.18701870245264,,
9154218.702015042,8123.144312555736,3.4372532184569415,5.94766755024707,2.0690891043160704,,,,,,3.7661752478008066,,
17800052.825623173,9381.676881334133,8.002587051829504,3.593748890741655,5.291495256593316,,,,,,4.47967624829949,,
18309305.15785718,4373.055217085739,6.519512188131261,1.7620702386912386,3.1298172125736823,,,,,,0.10155862441069691,,
11165479.533937775,9092.771782400767,4.860641154623074,2.680234448167432,4.47211374613994,,,,,,0.5078616512074301,,
8344951.839217846,23570.137939480373,5.159251464594764,3.462317160986907,3.6186738871465414,,,,,,2.742604935149799,,
4475322.19684095,23093.238605001912,3.031923509522973,2.2060618086575405,2.3951840090776724,,,,,,3.692593977002324,,
19142704.885294795,9783.718682239698,6.201019725486329,5.764043068458194,4.207589738792093,,,,,,1.2835995403804494,,
3668431.8203976536,14933.887159283971,4.190568829071665,4.950820040179979,1.7730738102780705,,,,,,1.0764498961539843,,
7781791.058870459,22326.91941099636,8.96733882505762,2.7072924019249767,3.3600410694203653,,,,,,3.541391097215404,,
7788996.935270322,2609.9619291375698,5.1013763644641585,4.158620400830621,3.9597672284865197,,,,,,0.2537183423395421,,
8175952.282379223,20168.168922617944,5.144142046422099,4.746521206993075,3.4622113835336057,,,,,,1.662221914121633,,
5471269.559694491,23173.165489618157,5.743888405580039,5.735755180080591,4.869024788629458,,,,,,2.276141501665484,,
16193271.790753054,4468.1841518298825,8.375670023390601,5.467359071289348,5.2256622954539065,,,,,,2.5215690345764554,,
4747275.458560763,5998.595747668502,7.506135748948127,3.8183650176219617,4.970593833149302,,,,,,3.278768205567496,,
13624757.869828546,23443.28805798483,4.883475523483811,4.985936789068579,1.6746582651531094,,,,,,1.596805755437962,,
4770632.412678287,14206.813634950558,6.89024449479597,4.029651392224133,2.373579467006875,,,,,,2.757079551035732,,
3847029.921297972,2784.8415473453697,5.896766240855713,3.9871675052049307,3.9147337916869844,,,,,,2.6341894025593033,,
18380866.15135781,8097.818373014024,5.192752865259367,2.0163388125218633,5.706699181997106,,,,,,2.464272452941862,,
5918980.876471575,12295.020690917861,2.9423682958826287,2.0676194610726846,5.257305487734525,,,,,,2.882174819139955,,
16853158.927746877,17597.736983115556,4.979521975911682,3.8829012676010586,5.291405287583108,,,,,,1.1675212698063433,,
12060729.841931129,18476.22525283565,3.34363940266931,2.70987695240553,2.864436871918537,,,,,,0.3809193911308304,,
3973864.2022219333,24200.074519598078,8.36131612388741,1.5946660610721088,3.4325155368541616,,,,,,0.5367225241788454,,
19178139.91666452,8749.93192655054,4.015551101222602,4.7527764175509555,3.6181767629217183,,,,,,1.010620721942555,,
6903602.218134538,14221.653723279473,8.641980109000292,1.6461896851057423,2.208172125074597,,,,,,2.2508907098525337,,
17518355.608233906,14114.786432035879,5.497914675710334,4.178745784968245,1.6398065861000535,,,,,,3.7819923774570907,,
5549633.350217574,11328.207787435958,6.236582840071202,3.9263720735729146,5.761063047572326,,,,,,3.1558200393977285,,
17419560.4331076,6166.958333110821,5.572053333669958,5.85966610760012,2.58320663548578,,,,,,3.5506827189092123,,
2854189.1835842184,23807.989491487362,2.4703546272502566,3.6789591270643873,2.579770066756341,,,,,,1.5793903076674112,,
11491596.410066253,21098.647598998243,4.318659142559557,1.786206463700088,1.875205741959418,,,,,,1.8209418374184758,,
15955592.688478472,13351.118342521728,2.2435958420821795,3.9825958551290777,5.678284883747003,,,,,,1.7715684869577577,,
18820332.34056247,15640.83135007895,6.172155331375363,5.284932767772457,4.108817017228974,,,,,,0.8634293298202569,,
18376927.00977739,7434.97249393963,4.851556464003291,5.985821779266479,4.501665857064093,,,,,,0.2754749616460741,,
16825000.86491295,14343.152811299877,7.334887286782026,3.4365442816008263,5.602095992683736,,,,,,2.6591224177225206,,
18012915.132882096,17642.72315537621,3.1535286074952738,2.9413443412353413,3.055290760053553,,,,,,4.451475075392637,,
6076481.057127351,13718.5203945373,2.734245438220012,5.579939836283995,4.296782900121379,,,,,,0.7507336722761828,,
7548492.923205701,24087.973848016343,4.547491732228258,2.360589580842546,1.6745975462799936,,,,,,0.2100816895467319,,
7631379.6942573385,15817.531647606624,8.44939037413786,4.26943011764817,2.340476377040082,,,,,,3.5078925682076982,,
9157459.354604432,10571.501277324089,6.828163612593088,3.325714908814265,5.240606122904741,,,,,,1.136637030081259,,
9439280.614423394,19327.21800271567,4.64192718594689,1.6848706422999988,4.95045760352251,,,,,,3.7333971240881776,,
12059420.999642253,6195.344315269338,5.379541273157329,3.06279813437564,3.077892111557161,,,,,,3.1677150016553193,,
5394916.900323597,10867.057634139266,2.1315975838282375,2.6935283512620356,3.195647824983956,,,,,,4.25553091672862,,
14600848.450092265,10047.37909199081,8.88431922282085,4.587410192745691,3.9009949509911075,,,,,,1.8401725609050241,,
5528090.293450575,11899.189850727238,6.498054785211892,5.769557239613632,1.5010845210831054,,,,,,2.9788642775278538,,
8001094.452461286,19537.344700894453,3.6405305134756687,2.7062123432038696,2.5855995121711253,,,,,,2.091846513659718,,
11345454.387751618,13042.076426966367,5.893562956614333,5.151596726182568,2.437043138736965,,,,,,2.837649137888446,,
16423332.728394244,19804.365377054637,2.321117745517455,1.7491191762228429,2.6271732603739357,,,,,,2.023195077034818,,
15436304.46586095,15056.870311027573,8.743775016056876,3.921544545179159,5.126576291400486,,,,,,0.8488451089083368,,
13808882.724812299,9940.665411401145,2.8108874091252445,1.8174752866945256,2.7585323544589944,,,,,,2.285538372015214,,
5323771.739551447,20152.786080891787,6.360227385414106,5.703148460087877,2.3618459492256667,,,,,,2.3786289064684905,,
12102560.612789884,7675.672059821224,3.3409084690419784,4.948580762508255,3.7691855735686417,,,,,,3.647717317170725,,
4140010.6436830154,7372.158534130536,6.8817103698640185,4.460774600420665,5.395402663677293,,,,,,3.3098431760711153,,
9162817.038001973,13485.776317496791,7.326160254302108,5.207533717310989,2.5860736672687494,,,,,,2.9870623077364984,,
9789173.887273543,8168.034793122591,6.5506479668357445,4.413839080065735,1.8534130925675942,,,,,,0.5102419299865764,,
3314733.188397685,2673.324537810296,6.108745951913944,5.86024978728431,3.1038213113234914,,,,,,3.2427733079867176,,
7371843.823317261,16624.09353329634,8.193518204640087,4.712810765391472,4.8644332105423995,,,,,,2.2513732035953167,,
19181627.020391926,13629.622653635086,2.0897003324231855,5.66096374312011,3.9781074511265757,,,,,,4.0234479124777165,,
19146684.93064937,12198.426301313242,3.981860743351464,3.827093514047871,5.175570163084563,,,,,,4.139419203587442,,
8729066.214925244,23579.087831544733,3.3621560972313445,2.0267898584183817,5.818164664241553,,,,,,0.24820465770803457,,
3371709.387529714,14941.422189990592,8.910104715490661,3.876799746403577,5.066981145382277,,,,,,3.6928870215951544,,
5727819.823860746,21319.394185253317,4.420423347501551,2.07092772628392,4.2171138547968905,,,,,,0.16963825690201778,,
9420173.271236083,5518.501405177621,6.994595244302991,4.166220656293823,3.720037146235712,,,,,,1.6522633156276019,,
19045283.267316908,14897.931057799758,6.635438729107534,3.671218772374483,1.6803108885672,,,,,,2.440349890294856,,
5071273.775781728,21418.655353401955,3.090609281080333,4.3015892902475175,5.929448904663186,,,,,,0.6664535938220735,,
15852911.991551777,15201.283152633774,3.292482601586635,1.5452114147467422,3.2256650515876912,,,,,,3.3584121565608456,,
4507924.99466654,18145.65943762181,3.609634226647756,2.3767822124491387,2.1850269626259005,,,,,,0.03759616877462357,,
19625287.528303873,10594.850867501427,4.583454586945344,3.710986943604589,4.500189849284055,,,,,,0.7586957179531657,,
9236505.847065764,4492.710709333978,3.257437992378951,5.777266027151107,2.779297300929567,,,,,,2.613585734340641,,
16055938.386426145,12468.673941148334,1.6473861206013585,3.2262406815982128,4.136002219189715,,,,,,3.2147440291678158,,
8560390.509702858,11084.512705058065,8.095447926053966,3.409674117241356,4.140455585300661,,,,,,4.124893962122623,,
13499363.29677636,21398.588480420527,8.74207373535663,4.7161324005297995,3.5057841940629113,,,,,,3.1747349337058073,,
5951678.668121137,7800.197473842707,4.061777902736759,4.217067407787531,5.262533769952691,,,,,,3.023006716146897,,
5154814.159319876,23573.974515953734,4.038801595691046,2.8451676754424993,2.6923517769994936,,,,,,1.7745351585779894,,
18876961.218017876,23386.364464733128,1.5531885958077825,3.348673780053425,3.518846662279804,,,,,,0.005779914870606362,,
18523239.08969431,7879.560610034149,6.601880162477805,2.479649094857546,3.9196145786593717,,,,,,0.5407166643102987,,
18000399.389188185,10071.23392829252,7.690799218114716,5.847096566085939,4.486311243452848,,,,,,2.4054954514021762,,
13460634.524136232,22020.50404457254,2.5995622527000237,2.0878547170081188,5.027873327275152,,,,,,3.038084486299889,,
16628246.759322021,23571.529971057545,2.6974976202536305,3.1732655305488873,3.2766327729521523,,,,,,1.8785172775340813,,
3821064.93198957,12153.05841939666,7.425624374785783,1.6162753749900505,4.407211248434682,,,,,,3.288055551877756,,
8425220.150756016,9480.760521112596,6.122180612656085,2.498007713700959,2.177749288808336,,,,,,2.3483803289948044,,
8059906.636417732,13957.001839214905,1.8364541822078775,5.012120122710697,5.696916452441154,,,,,,0.33379288017440495,,
13637555.202829024,17485.562928932162,6.169102428467113,2.4052885452999577,3.223764628894516,,,,,,0.8640731293557697,,
8791968.425378848,8443.581298058934,3.8168829213282454,1.8602853113803453,4.782846398893973,,,,,,3.779992004597743,,
5197879.99197677,18548.527036061263,4.265438666031344,3.635039309300355,1.5915348684697994,,,,,,3.2621073598099777,,
12958792.081539644,3602.4218190270403,7.2729856372266015,1.5448615563053332,2.4233421430716318,,,,,,4.026428941556228,,
16734201.425591838,3550.852304583389,7.582013945044579,1.8814476949184993,3.691871449456101,,,,,,0.5290076210442145,,
9245289.541519035,10905.729164801525,4.50267470129873,5.134316413033388,5.45213610479556,,,,,,4.456001405767832,,
4916555.489081196,10189.552416725226,8.60364702004766,4.971630051868228,3.872648174778047,,,,,,0.9423302127747012,,
6032623.018444659,9363.6949253881,4.548470384640542,5.6181246918220324,5.6844171703224555,,,,,,0.05300944328988905,,
6739398.262059578,13191.506320248962,7.288770264225825,5.345319461598373,3.6770860346225835,,,,,,4.488403225740994,,
7820725.79863034,9475.010433950043,5.1290794842319425,4.574290034579182,3.7070209353117747,,,,,,1.264832484503009,,
13761424.596521806,6671.029070566106,8.231492448915631,1.7354978578529827,2.0388605482523934,,,,,,3.0060875363065196,,
13036380.519615982,9229.172908858716,8.308209327376339,5.022818780939959,5.111953098684989,,,,,,0.7950704137933734,,
14684583.601648953,23752.28575408338,2.155626059033129,5.304798648782522,2.6113443561017813,,,,,,2.6110283948961377,,
8905346.882008467,11447.55032591257,8.523699984826692,5.095869655973795,5.548256202175418,,,,,,4.068157439045517,,
16900759.318820626,12180.856354933177,7.691511311403118,3.7881556588861174,5.598708991486783,,,,,,1.4408152534279737,,
6160818.729523547,15058.09440568363,7.434830357345001,2.5480582739226674,5.744895503433674,,,,,,3.0161428921996163,,
10751130.950752016,23936.412270640496,3.0068350476414185,5.303984890599271,3.841037200963905,,,,,,0.8455661495928743,,
16501263.35070528,7747.947858210528,7.538394065659987,4.772232643830623,4.5469220315264,,,,,,2.8115792942342637,,
5746248.571967628,17343.982062370367,7.875995510137776,5.913425284749832,5.003321460277485,,,,,,1.5140265831787958,,
4528378.445559065,18101.36593654813,3.668627508406132,2.200616689901698,2.089565783927095,,,,,,0.9504371636457825,,
17934824.74019442,15729.855396508663,8.641950587717428,2.515490623734248,4.204307377488737,,,,,,1.4093192281663582,,
8566256.407303069,4408.222262569757,1.873951097993732,2.453091674466762,1.6543405558649025,,,,,,0.804784808285097,,
14473049.914048979,17247.737419936857,2.6243193993535474,5.066428954296015,3.7390473752492666,,,,,,4.058622485270472,,
3064164.568872734,3873.8670683645296,5.531858535386357,2.341082834025532,2.1967920672910233,,,,,,1.7873409884270797,,
14580062.341693714,15485.8133264265,5.818443533417323,1.7999692342048774,2.323153166829381,,,,,,1.1037568723846531,,
8101455.222551264,18616.359192864533,6.338625624756776,5.9935236296353285,3.142714050116707,,,,,,2.017835284571698,,
3590710.288402428,7079.417862780418,1.6272684698659985,1.611677451503171,3.4459672502242635,,,,,,1.44241275062923,,
13190006.093821127,20843.400314621045,8.702750809665977,5.258598270714895,4.304275910394843,,,,,,3.3498866421599667,,
6796926.113467727,3137.471805757818,1.83441069550608,3.1441507869779377,1.8349278829733204,,,,,,4.3704896034847245,,
9326435.468548821,20891.21574934253,2.572964645425518,5.287269568910169,3.766612925568501,,,,,,1.9711514551394107,,
4021062.572863848,12521.681530278347,1.6051088814454273,3.995792210450152,2.321813086138955,,,,,,3.8746502998750816,,
5174603.325219927,7223.856789008141,5.751438249705711,5.55734053268862,4.082888287642838,,,,,,2.5463838310182876,,
7787455.604965493,5394.708014493352,8.49200162940729,5.66786843886582,4.368320755175326,,,,,,0.7075604929240507,,
4180083.3472047225,23280.92893248528,6.494603745603482,1.540941815763492,4.0051916544878425,,,,,,3.107802339366037,,
18405065.035690412,4060.926448958745,7.669931013603205,1.8393547919675473,4.822329797152385,,,,,,2.3104552370661904,,
2729765.023162426,6820.213890101578,1.5996090259393507,2.6266142830688497,3.010241599084056,,,,,,2.9277293546344656,,
11007878.291824196,10066.222732726228,5.565114738597946,4.511919373635758,4.942979662349089,,,,,,4.003593356572492,,
4760262.212146454,16011.625578576453,4.946722331291414,5.497224884301778,3.4474518676868717,,,,,,1.9819555679522074,,
7955540.225205459,14365.283686150848,5.242259581655948,3.5697387808228322,3.6788302424516854,,,,,,4.0552993044781,,
18668981.87385145,5217.169221898753,2.0415988900139097,4.231379023234195,4.416459572674821,,,,,,3.378010564267447,,
5426358.135471823,8798.313245086534,6.633265208019806,2.3482493375800253,1.5826127279965079,,,,,,2.1987221664509313,,
19358044.939120114,7685.757403952475,5.274153111439759,5.122350752467584,4.4429739963911175,,,,,,2.7144996104608365,,
6190387.581341731,7135.5727992517,7.23861637395948,5.852976501090614,4.283633170824519,,,,,,1.4651150963355515,,
15472632.829187822,11448.225143675718,5.139679755462865,2.708695198115689,2.89431202538976,,,,,,4.426187848824484,,
12096183.614345925,17840.48645281291,2.620362271698241,3.7267167822024585,1.8860742820477028,,,,,,3.003080233726782,,
17948593.95561385,7220.910245641175,6.361927155583665,1.8875224972786822,1.909209524608685,,,,,,0.19731083623483453,,
12222933.151591744,10477.766549517568,2.7928977157887465,4.016114954083358,5.6545068614335285,,,,,,1.4697985758660395,,
11886238.471883047,11006.772840808366,8.042959225161113,3.7625254883100627,4.601756945516267,,,,,,2.804914951915759,,
6011309.856382528,23786.163754927828,6.098371793019311,2.149964178697849,2.071961761968332,,,,,,0.2534997500965791,,
5504923.697544987,23310.593238885678,2.6790291266771566,3.4892979590313375,3.1052542618900785,,,,,,0.10747886093614245,,
18503174.543076284,19938.00274356406,8.717535431109052,3.0034709343895347,4.166173472557183,,,,,,2.0251090778751117,,
8304796.795076841,7749.2059468787165,5.387740975014905,3.848238938873352,5.260072672907919,,,,,,1.497105808617015,,
9071325.067232173,3959.914380050691,2.0467383890374125,4.135444509429597,1.6964741792085385,,,,,,1.9723437361492464,,
15788944.882271828,9391.432805752636,6.201246783113004,1.5382301037324428,2.5648490916150397,,,,,,1.1821198944600233,,
8495116.832975138,8297.791041393359,3.398991802596077,4.924526923273,5.50387045632921,,,,,,0.7412298612434141,,
19119481.888020724,13516.830588195045,7.527700889079768,4.708564313377834,1.5412449758271742,,,,,,3.1011451064115194,,
15409598.597904215,19448.911637229583,7.63366555174643,3.14828873792935,2.4062959625724933,,,,,,2.3155700232051024,,
12975461.627584502,21207.898141031077,8.842105168909963,1.7382117100596821,5.815608791878347,,,,,,0.9006939506221507,,
17886508.656437837,20914.15866408435,5.264021482683778,4.897196429032727,4.26030830934977,,,,,,1.4381524181699925,,
3484422.362154789,10324.919123693453,4.9121765979580285,5.798288222151596,2.677521149868779,,,,,,2.6631355844849667,,
7078611.142178042,17473.889546029404,7.151067040848605,2.5806821820990637,1.8014599247813141,,,,,,0.3250320672261503,,
10681754.490377266,9302.606360966103,2.4935299225644494,2.9558607618166706,1.6268610320124997,,,,,,0.6635385416978079,,
6557403.196344102,3804.2634811078624,5.601866353448432,2.3271580026681673,2.6013528583661727,,,,,,0.3296052184832555,,
15513157.370009782,17786.661921784216,5.596857000981382,4.096212555051778,5.466686188150097,,,,,,3.655427997213535,,
18550279.13800579,2689.48633483562,2.171048421077904,2.1967862759135475,3.3716114443387926,,,,,,3.3858415494540415,,
9966817.327803247,11405.409971281513,4.6348806413018515,3.1028727455762075,4.741500161246968,,,,,,3.389908193456657,,
8552447.29693858,9663.702552517803,7.899635989254015,4.636558562704183,5.63228265920981,,,,,,3.2234640456421264,,
19283866.434283335,17607.964778173955,7.921152164959952,4.020521923542068,3.3361820772126745,,,,,,3.0122344065144113,,
10332068.398737144,19198.30744299527,2.2442824868976077,3.2390815394757086,2.3607481696682866,,,,,,2.1464636192017874,,
11097763.537783831,9111.86543007327,2.180406620608731,3.3911232081339384,3.8270306888561376,,,,,,2.890251735782017,,
8717334.03832351,20188.759590258927,3.4702160775145146,4.029498971804532,5.586376591769345,,,,,,0.17262699654588592,,
18382927.294935297,8889.733298020179,8.060745469154952,1.5263912754922258,5.119684863619653,,,,,,2.7965899019555307,,
12482153.747858064,12216.0728067067,2.466769388051242,1.8532944080412443,1.796234295134192,,,,,,3.5004496749159473,,
15829674.722921994,18342.179352083473,6.899976019705847,5.465661304933553,4.616577600349118,,,,,,2.251612621729756,,
16689551.395429106,17597.98400283101,2.2587421470982743,1.8504554509108084,4.073538851065292,,,,,,1.6088099779225662,,
8547534.651216498,24024.316908213765,6.17353390310869,4.680616182947273,5.583584293558915,,,,,,1.2484203066044062,,
10138754.290125584,7389.139353512713,4.170504743393586,5.640171738490737,2.0511663758263374,,,,,,2.892609225729371,,
17324773.491588533,16930.088463001382,7.416854722244002,2.71807621935779,3.9031625094209548,,,,,,3.117605393834589,,
8918398.967783414,15781.307648118842,3.252678366190227,3.167211466767814,5.457582120803515,,,,,,3.9193541993814414,,
16379926.187053323,22447.023769244905,6.294013720424699,4.060146326301224,3.345107040337844,,,,,,1.5405033710744582,,
18927691.988602124,5887.603741399398,3.2676190093191373,5.467690363373631,3.6689771297979017,,,,,,3.4639753832351348,,
13422119.713403221,18882.99492028481,6.852452123341154,5.738575142671891,1.8170730495013123,,,,,,2.5261012088520207,,
15473692.755103976,14877.46255006587,8.052585259205616,4.828034616500706,2.7516463820200987,,,,,,3.972764208051356,,
16573310.931112662,8469.582608121036,2.4510134934507004,1.8897889238461232,2.960279921260263,,,,,,2.375154487330293,,
17265311.91713433,12829.542001262074,7.999467664466277,4.511193699906828,5.753051019351991,,,,,,2.3293342277908526,,
9469299.07836899,9759.674231048337,5.951814408107235,3.3463667484269792,2.7720031224352155,,,,,,2.600446866484091,,
3513139.430224168,15118.515015858158,2.45332868150268,3.618154497709777,3.573909308713434,,,,,,3.371919098140955,,
9587506.399176512,21877.438331030084,4.70656391519784,1.7211677565532968,4.520869906039259,,,,,,4.341107154728074,,
14297826.681009356,14900.081284796308,2.706452201138234,2.3597796270586118,2.2298251758354484,,,,,,0.33103509397094544,,
10427320.433652235,16262.341779977696,6.752609166499271,5.057311233901415,3.688990742138435,,,,,,0.24045571075957722,,
15600786.588656405,13796.671763278533,7.191511008134622,3.542814748715369,4.823425677641584,,,,,,4.218976518333023,,
8809720.590544602,3591.6871781725117,2.293473902045992,2.8574800873401696,5.400848458621797,,,,,,2.3844403148319273,,
13621942.244627312,7557.138003820757,5.296048895209832,3.2280858328423117,4.31816673598092,,,,,,2.7670635655512124,,
5854723.119095109,13212.937744855206,7.609687920194379,5.344797809965561,4.510740818926266,,,,,,2.1709062071762797,,
15607825.489873879,9245.88506772818,8.521222811632473,4.870495578322306,2.06827562663056,,,,,,0.4214585367336352,,
12079182.659685673,6441.990521138064,5.351384000563275,2.7254192873148724,5.755994237608562,,,,,,3.4564022028839996,,
6160415.531569855,13477.699274869916,8.627094177085553,2.02875828095568,2.096583348680171,,,,,,3.362510902898641,,
7682361.080849511,9520.323741999333,5.517667278420223,2.6339919973983226,4.9860282173180925,,,,,,1.402664946717654,,
15594645.876180246,8108.199312259776,4.45642870949931,5.643404029746302,2.691673448002435,,,,,,1.3780766035278018,,
10986066.407835845,12601.481735636311,7.861523464146716,4.117149770323899,5.701169146655632,,,,,,3.7702862140748334,,
6367744.704809976,5383.928932643429,5.197370328435667,3.900660939351523,4.739817927162658,,,,,,0.3256076598359698,,
19382973.373165406,22723.050624370764,5.039268829233922,4.183771198616077,4.892161708402661,,,,,,3.9649731676045463,,
15014540.968327584,21412.598287087392,5.177343670573713,3.1471271958593188,2.485766278769475,,,,,,1.154977604531615,,
19207360.97375197,17918.819283787183,7.85088751402309,5.131981591437807,3.4936798948582237,,,,,,2.668431364899723,,
10024594.910867946,4793.116787118057,7.739561562660391,3.854788121851124,4.280159375651789,,,,,,4.211973805507999,,
10856113.402484057,19408.52107880105,4.526399943301584,2.02536556245958,4.964881281929705,,,,,,3.051551256914909,,
18182074.120405458,20108.66868597934,3.9997489490289375,2.080793061730783,1.9678171916057532,,,,,,1.8649341561016646,,
11721479.819751289,19231.46278161542,5.1894601802934694,3.9158661592617827,5.830643924045377,,,,,,3.102903940074368,,
14878607.148765683,4962.305486377438,5.795793823028317,5.714565981318776,5.505993017495502,,,,,,1.547908363423666,,
6993895.102610056,16528.291163003967,3.2875290797099774,2.887584547542894,2.7165686572301295,,,,,,1.2476628735713375,,
10364536.070273247,20684.13866723062,7.454663135366929,5.412935259866482,5.202421093645494,,,,,,4.485074750706058,,
4763768.925164402,15075.737981619248,5.148620742993172,4.938430139604957,3.8324576536792057,,,,,,3.3785560403090447,,
6193604.121568361,16582.840964353043,4.005341613149697,2.615155993081081,3.578129167029084,,,,,,2.9012398982181793,,
2641344.6695117084,12478.782938479133,2.3011574472299294,1.663533367423091,2.9149534761513243,,,,,,1.5988033944869344,,
3305267.0198130384,14014.037256469448,3.2913387030270522,1.9583126931407224,4.114358639842166,,,,,,0.2212237311977167,,
19556442.2365403,3225.274933526403,8.619608788169877,4.778222702313482,4.78450102966619,,,,,,0.13975594215820025,,
6823777.768244407,16420.367954566937,3.7882476511464493,2.39851382118291,3.3491980723324124,,,,,,2.4938156495195947,,
14116858.042156834,4252.5854213495495,2.7664446702527647,3.170719142274272,4.331486368537314,,,,,,3.42914724467573,,
17162402.28170327,11969.193521475376,4.955045937412449,3.757646247028912,4.646908145198867,,,,,,2.4182063569973478,,
12165192.456273476,8862.197506591176,3.803158075201865,4.7646067580257325,4.700048176568787,,,,,,3.7835328237260155,,
5278228.463954541,14378.965013370638,1.7636943770339562,2.009540504666064,1.7338474415903111,,,,,,0.15041939891949735,,
15239617.276849082,5386.811522793994,3.9235891295956296,3.3286488237485767,5.368865125582801,,,,,,1.6503843439167305,,
13024355.679975277,17570.11724806767,5.580814679546014,3.682828091142129,3.5621399164427157,,,,,,1.0668167602838012,,
15293916.460443273,19826.126793463867,5.637842790149752,3.9337217878719284,2.680872367632965,,,,,,2.0127283567070493,,
15960860.240999036,6040.210865644391,4.174191908826665,5.182622886278475,2.5879402836585674,,,,,,0.32569376937355116,,
19523984.62013821,4751.633131454828,4.854770671894505,2.272551877694476,3.673563507797777,,,,,,4.293592387069826,,
12561983.826462751,5650.875411834113,8.741384386760748,5.1352415332198005,5.490741927610316,,,,,,1.004649304812124,,
8543932.277364677,21618.3090384348,4.330113579227337,4.617952924634935,3.202564117571911,,,,,,4.150384989676131,,
13859648.448296607,14002.730637832474,3.4367010994498726,4.001418663895317,4.873765860525944,,,,,,1.916519197665068,,
3810735.287628498,12672.971237863743,3.326002830500701,4.647875416811574,1.9356842894424837,,,,,,4.434858599648481,,
18172408.539921485,4803.985451908882,4.933234595281006,3.3540798252824535,3.642255159679778,,,,,,2.4932627255709483,,
4693276.02143426,16651.559847470693,7.19640111537708,2.122789136856561,5.9625876317673105,,,,,,4.188747888791133,,
8304877.166371801,21419.09109311034,3.044911381413549,4.495943581194153,4.966970112565516,,,,,,0.024070449124002802,,
16757788.719347544,20550.15659798436,6.819720953555761,3.8610253800853003,2.4473781979827587,,,,,,3.3670746278140506,,
12973436.954579582,16138.644023505989,1.658623675120622,4.37718660244249,3.7564866316405983,,,,,,4.0637279389613195,,
9444735.388806684,4117.957990922777,4.641997334879595,3.020994514628205,2.5513114364185494,,,,,,0.6287425514052933,,
10827272.798672246,4928.065118116483,7.3189879890209015,5.580899598029261,3.3430241726812917,,,,,,0.4325663327946817,,
17430033.587227777,3551.1686436719237,4.040497168308235,4.143164408590096,5.010378106807341,,,,,,1.9105767323368001,,
8515575.988487631,8094.483899948143,5.728028260840496,1.8843111793089322,4.970511668806816,,,,,,4.201555077598208,,
17691680.78937087,5435.811520775244,3.0373442461943307,3.524117958169929,2.526451700560733,,,,,,2.440739520856974,,
4151929.01667118,8150.5484785093695,7.064965433446292,4.903602246346354,5.650004931696871,,,,,,2.3735540867477947,,
16083032.924639527,10878.892066066339,1.892093274515697,5.073605527795226,4.166556822441721,,,,,,0.6350675323469483,,
17308762.742673308,23055.599262352534,7.894069836566253,3.7256867374369143,3.2096593093290653,,,,,,0.0035527999194845394,,
5774990.835406894,15796.45750473543,2.986472898162511,5.526364068740855,3.7587101135138727,,,,,,3.6456304083545756,,
10080753.673348373,20698.302872530654,8.057985237812481,2.7045079673743393,4.2228206404698465,,,,,,0.394085533438072,,
5492283.596047834,17978.42150304665,4.14396930975388,3.3476941375721996,4.019507393306034,,,,,,2.8523241843089577,,
14866916.534824822,4930.380823743738,6.920126808558649,5.543686097560365,3.688822659912802,,,,,,4.1157740453183616,,
11899900.081668204,18536.462869111434,3.8941897333964137,5.533155224122105,3.7721976184023003,,,,,,0.9389336092129396,,
13631976.981721662,8479.03309002789,8.294337534259856,4.585707459711064,2.293853596925488,,,,,,2.9937277630660986,,
6029136.702516358,16423.528760659465,2.4497784413878074,5.36541246204999,5.157298069371057,,,,,,0.35414359518379257,,
6293497.060058168,9916.495074758224,2.83889841954449,1.899479701303047,3.937921439734569,,,,,,2.7168981472692586,,
3343941.164459128,24249.197145751186,5.197725938691017,5.392477392934993,2.089859377671164,,,,,,0.7376927442894123,,
8204820.047266018,8227.011040017176,2.114538292786096,2.9427895794760204,4.9477069571225005,,,,,,3.311791022318301,,
12322576.257605918,8567.022524648435,2.9698513852632145,2.3024918059269734,5.695997902698078,,,,,,1.3555408265725868,,
17488722.385003723,22786.921977649345,8.578247866590107,2.5771642635392085,5.76288104656633,,,,,,2.085259539620908,,
14179518.027221642,3012.8641311877423,8.823672458609153,3.380858286062492,3.1605797958502775,,,,,,2.6974374391242977,,
10168241.302900694,17680.237160332523,4.321944969978165,2.6303640207201022,2.1098259310233933,,,,,,0.770730347998078,,
19137805.981878437,18305.248477810543,8.424645157604516,2.9425541370742456,3.832798319848793,,,,,,3.337370183779294,,
15085923.099976286,20728.962451981966,5.586185067550738,2.1074031873223893,2.006741532071493,,,,,,1.3618815328656655,,
18740112.13959368,23742.137954684724,3.523068494053253,2.8327954450154933,5.702943383306778,,,,,,2.980673369607391,,
11765461.63694027,23767.51188559394,6.76799040810449,4.075277165439005,2.3261083230981567,,,,,,0.7122737281471814,,
7110516.560791143,3899.6652338880745,6.441763549311429,3.488341686409788,2.637446369780238,,,,,,3.096529466428576,,
3540222.3412688086,20411.643219082096,8.918439893315501,3.0602344255616005,3.329864370982367,,,,,,0.5768463276470779,,
15204420.05195771,16580.714302072345,3.487854655569625,4.859034579857013,3.224240108516066,,,,,,1.9141042332149263,,
4726574.440445879,16603.242082692715,6.540446269963016,5.52079487126993,5.0759830157905,,,,,,1.1124273318249456,,
7870579.097311831,5276.237148365713,1.8901781627208516,4.905551503060787,3.5534256924793306,,,,,,3.3676886224268214,,
11850058.479088522,16665.334907676384,2.3523452902253954,2.9940031595295564,2.268457170015016,,,,,,1.1791575202809355,,
12403517.38328413,23917.682321622233,1.5293878121331994,4.849989755268991,2.7024445296873334,,,,,,3.967727878779283,,
13030103.887802131,22375.44028019843,8.995955107947548,2.1839108211332303,3.791010233343849,,,,,,4.013190951329758,,
5505373.598308563,12059.026672065862,7.5170527286060835,2.0864309464108093,2.163542628417607,,,,,,0.8839859185025363,,
9203950.538535066,3346.864516969009,7.400422610501556,3.0553216666627154,4.252450540407064,,,,,,2.762306752534759,,
13317889.984801449,10382.05541925447,5.322945564661348,5.134660660698256,4.045862879480157,,,,,,0.39472938773983945,,
19427111.82978032,20510.96855068212,3.7505031217907994,2.6085671125903582,4.71616042372016,,,,,,1.7619169482073314,,
15231209.460647106,17785.217889477248,2.6344821334700694,1.7846403400440582,5.719670769207155,,,,,,3.2099477827557252,,
18609110.091652818,12500.175283338098,3.6350605413484773,2.0926929084285977,5.6051455249552005,,,,,,2.967404610824623,,
15830323.910293117,3677.591004841489,4.319784164468544,5.36435235838311,5.757340281309741,,,,,,2.811153012329736,,
12876496.486060837,11791.97743474358,7.172325727352206,4.352024781362794,2.601220186606654,,,,,,1.2714338864809962,,
5951804.870287169,12711.469309342807,5.547463416773643,2.639405235164895,2.092043879877096,,,,,,1.7011122724548091,,
14175328.91903779,22740.724505414517,2.0811271991661204,3.998831213976816,2.860245152234018,,,,,,0.4632576511512878,,
13425050.98025539,16466.70421068063,1.6352175671918419,3.874108300914077,5.5278832774484155,,,,,,3.2356026919512044,,
13062778.37817214,9276.824905987713,2.267491346505474,4.449461902982976,5.874240635805697,,,,,,2.267499585560731,,
11110540.162896272,13940.071121636995,4.578740352730345,2.5493439948972734,5.366962279817142,,,,,,3.1894453455554457,,
11783975.6641142,3916.6570932186432,8.498946877867638,5.389813442374789,1.9950797450739461,,,,,,1.1202458615859274,,
8419216.782321153,23701.301743055505,6.280518609069162,2.892158529360058,5.763425991269069,,,,,,1.459972028857798,,
11622092.400027903,10333.307359638096,7.513694249066363,4.623592442893067,3.405111123078537,,,,,,1.5039690176705158,,
6047656.0658796355,12904.455020979189,4.997809458784114,1.572560908674967,1.5418963084305917,,,,,,0.1158408438624729,,
16574646.434268527,10229.072737720835,4.2124956239628215,3.1769570845236625,3.490771833366871,,,,,,1.534715427737806,,
5843585.740155113,17370.81850978607,2.3130027953746706,3.082694180814637,1.7073112635396042,,,,,,3.614870580831151,,
4097040.9723350056,16928.216855543367,8.069497666396536,3.9456799286235653,3.947450645225029,,,,,,4.037843230873824,,
10182962.40663775,18086.909427298386,7.373700217709271,1.8273131779973841,3.023493123466731,,,,,,2.3319824203616735,,
14030176.389442522,8327.225986280173,2.7608857319829383,5.055591181767488,3.6304572011732192,,,,,,2.049757628486491,,
10208443.991973605,9364.46460140574,5.341954229071954,2.4800136079540582,4.259266623344027,,,,,,0.13871078414716614,,
7419765.3360564215,5208.608118674738,5.155311059409337,4.5466701669690455,5.4096049311801915,,,,,,3.9564195191342217,,
12295315.760901885,16781.505135541407,6.188186645148964,5.114454554598419,4.478557094123678,,,,,,0.058545960416427234,,
8636815.461016364,3343.5723041006167,8.59640170493446,4.02844630308681,3.453219908151813,,,,,,4.2513753609459535,,
18786932.73144392,15519.416972799494,5.848285813218597,4.833974430248935,5.187425341516643,,,,,,2.201473119096408,,
18609827.04363189,21456.11268688691,5.551629500839639,4.478371404967525,5.575119619079095,,,,,,1.5387052210862697,,
11328591.781016555,21917.411636421253,1.8774219970099795,3.0998840871840345,2.0389198489448876,,,,,,4.15898295679197,,
8305590.196366329,12275.249120074413,1.9718060701351794,5.139863425651043,3.8936983989875618,,,,,,0.10975946899543532,,
15395819.071798772,12499.302995250335,2.9051009349509167,2.8261561644848756,2.7803038188409985,,,,,,2.616412026910892,,
3261051.7458441295,4154.852419149979,1.743530787688112,4.070458129881827,1.7117753904462634,,,,,,2.4701963602470194,,
10850373.029706258,17114.446680294255,7.075146716775093,4.854289826136927,4.508460128012934,,,,,,0.9869418054512193,,
8451802.805733528,20398.986849637353,6.924977279954724,3.205301594156284,5.382468498566515,,,,,,1.9299934410759476,,
18573284.20940176,7814.596566747862,2.520421758237322,2.8624542342784127,2.233061945148273,,,,,,2.935188026746966,,
2832952.447499225,11669.891741648184,7.770591755964607,3.567057045777702,5.155861459307552,,,,,,3.272090385968674,,
12202517.721820397,20782.668524902027,2.66089526134584,5.180835724571191,5.340280800916237,,,,,,0.003225864179609017,,
15456996.541979296,21618.154206729436,3.758816902480191,5.684647934155492,5.614531991999176,,,,,,4.215840435409569,,
11027936.633854015,7782.403069266731,3.3673267437102377,3.9528753578695057,2.6937829008872356,,,,,,0.7403641757676558,,
4104607.497569153,14491.204098865275,4.292303239297858,4.476597923956433,5.567788793354501,,,,,,1.0511119540006164,,
19472893.582233407,6676.163012626926,3.409978244174714,5.564731300075113,2.942982396313945,,,,,,1.185630505622317,,
11599530.723590897,4698.504027345822,5.16713194828839,1.9434608313582409,3.985521060549763,,,,,,0.1701906144841589,,
13265776.682826871,22360.204942879474,4.555559110160141,2.5443536003977427,1.7272836187452696,,,,,,0.5537345561564622,,
6724264.485407565,20382.57627986578,8.899271180844949,4.690050028132121,1.6974648976593463,,,,,,4.438574653248729,,
11001604.324475376,19062.76173185427,1.9194476259616926,5.206850078605349,4.741679457294913,,,,,,1.4184753181977872,,
10060014.948177926,3539.32490809679,2.5663603229051373,5.3566306274876005,3.5001599009000595,,,,,,0.518854906525722,,
3922570.4626843682,20889.380900901368,1.8961942043145186,3.3679822958471965,2.653315689161479,,,,,,0.48146067528580494,,
4464228.12520987,12035.311956635,6.193808962367818,1.9020295603134008,2.356860732112096,,,,,,3.2375698545148737,,
17134211.40239527,9947.773565932137,1.908819580602897,3.47001664784829,4.514790708866482,,,,,,3.845558988146884,,
6779880.671979176,14401.84657937884,7.773298030320925,2.538305655931742,1.5018069481140295,,,,,,1.1562853477881143,,
6002652.053713774,4468.784522441606,5.339539730114458,2.810384047484809,5.126510261385844,,,,,,0.09409280550855736,,
11372590.892908663,18988.810939616105,5.452557184361503,4.975204005768776,1.8566232275846797,,,,,,1.0039050830041012,,
15943544.050855536,15186.645553087057,5.711958807841457,1.839871887116491,2.361703267086537,,,,,,0.254320608585408,,
3698223.434380966,6547.3288642568805,2.7811027972965805,5.22411547866316,3.2380637788459032,,,,,,0.4652772148351868,,
12618197.207732782,6583.16775995942,2.9826772733586564,3.4245108862087608,3.681864328722466,,,,,,1.9417865393143907,,
4690320.922212933,6496.2268205736145,3.891129921547535,4.182287689952678,3.097478021162738,,,,,,1.0346326688773466,,
